treatment,species,method,leaf_mass,time,VOC
WET,SALLEU,Control ,0.0704,0,18
WET,SALLEU,Control ,0.0704,1,177
WET,SALLEU,Control ,0.0704,2.5,153
WET,SALLEU,Control ,0.0704,5,142
WET,SALLEU,Control ,0.0704,7.5,154
WET,SALLEU,Control ,0.0704,10,181
WET,SALLEU,Control ,0.0728,0,314
WET,SALLEU,Control ,0.0728,1,697
WET,SALLEU,Control ,0.0728,2.5,688
WET,SALLEU,Control ,0.0728,5,643
WET,SALLEU,Control ,0.0728,7.5,619
WET,SALLEU,Control ,0.0728,10,572
WET,SALLEU,Control ,0.1552,0,866
WET,SALLEU,Control ,0.1552,1,1036
WET,SALLEU,Control ,0.1552,2.5,970
WET,SALLEU,Control ,0.1552,5,967
WET,SALLEU,Control ,0.1552,7.5,771
WET,SALLEU,Control ,0.1552,10,610
WET,SALLEU,Control ,0.1437,0,683
WET,SALLEU,Control ,0.1437,1,701
WET,SALLEU,Control ,0.1437,2.5,860
WET,SALLEU,Control ,0.1437,5,813
WET,SALLEU,Control ,0.1437,7.5,768
WET,SALLEU,Control ,0.1437,10,737
WET,SALLEU,Control ,0.1194,0,732
WET,SALLEU,Control ,0.1194,1,871
WET,SALLEU,Control ,0.1194,2.5,792
WET,SALLEU,Control ,0.1194,5,757
WET,SALLEU,Control ,0.1194,7.5,752
WET,SALLEU,Control ,0.1194,10,747
WET,SALLEU,Crushed ,0.0623,0,53270
WET,SALLEU,Crushed ,0.0623,1,44710
WET,SALLEU,Crushed ,0.0623,2.5,34580
WET,SALLEU,Crushed ,0.0623,5,43470
WET,SALLEU,Crushed ,0.0623,7.5,16080
WET,SALLEU,Crushed ,0.0623,10,9647
WET,SALLEU,Crushed ,0.1575,0,98710
WET,SALLEU,Crushed ,0.1575,1,81970
WET,SALLEU,Crushed ,0.1575,2.5,63140
WET,SALLEU,Crushed ,0.1575,5,41930
WET,SALLEU,Crushed ,0.1575,7.5,30790
WET,SALLEU,Crushed ,0.1575,10,26920
WET,SALLEU,Crushed ,0.0823,0,57820
WET,SALLEU,Crushed ,0.0823,1,59290
WET,SALLEU,Crushed ,0.0823,2.5,52280
WET,SALLEU,Crushed ,0.0823,5,42210
WET,SALLEU,Crushed ,0.0823,7.5,32520
WET,SALLEU,Crushed ,0.0823,10,16280
WET,SALLEU,Crushed ,0.1532,0,89380
WET,SALLEU,Crushed ,0.1532,1,73690
WET,SALLEU,Crushed ,0.1532,2.5,69370
WET,SALLEU,Crushed ,0.1532,5,58190
WET,SALLEU,Crushed ,0.1532,7.5,46850
WET,SALLEU,Crushed ,0.1532,10,32650
WET,SALLEU,Crushed ,0.1243,0,68754
WET,SALLEU,Crushed ,0.1243,1,74740
WET,SALLEU,Crushed ,0.1243,2.5,65860
WET,SALLEU,Crushed ,0.1243,5,45970
WET,SALLEU,Crushed ,0.1243,7.5,36720
WET,SALLEU,Crushed ,0.1243,10,25490
WET,SALAPI,Control ,0.0476,0,653
WET,SALAPI,Control ,0.0476,1,751
WET,SALAPI,Control ,0.0476,2.5,672
WET,SALAPI,Control ,0.0476,5,652
WET,SALAPI,Control ,0.0476,7.5,649
WET,SALAPI,Control ,0.0476,10,552
WET,SALAPI,Control ,0.1242,0,840
WET,SALAPI,Control ,0.1242,1,1157
WET,SALAPI,Control ,0.1242,2.5,980
WET,SALAPI,Control ,0.1242,5,764
WET,SALAPI,Control ,0.1242,7.5,602
WET,SALAPI,Control ,0.1242,10,562
WET,SALAPI,Control ,0.2052,0,400
WET,SALAPI,Control ,0.2052,1,602
WET,SALAPI,Control ,0.2052,2.5,562
WET,SALAPI,Control ,0.2052,5,507
WET,SALAPI,Control ,0.2052,7.5,485
WET,SALAPI,Control ,0.2052,10,498
WET,SALAPI,Control ,0.1321,0,837
WET,SALAPI,Control ,0.1321,1,1062
WET,SALAPI,Control ,0.1321,2.5,904
WET,SALAPI,Control ,0.1321,5,795
WET,SALAPI,Control ,0.1321,7.5,657
WET,SALAPI,Control ,0.1321,10,648
WET,SALAPI,Control ,0.1431,0,617
WET,SALAPI,Control ,0.1431,1,1035
WET,SALAPI,Control ,0.1431,2.5,858
WET,SALAPI,Control ,0.1431,5,681
WET,SALAPI,Control ,0.1431,7.5,657
WET,SALAPI,Control ,0.1431,10,601
WET,SALAPI,Crushed ,0.1144,0,57640
WET,SALAPI,Crushed ,0.1144,1,117580
WET,SALAPI,Crushed ,0.1144,2.5,151900
WET,SALAPI,Crushed ,0.1144,5,181100
WET,SALAPI,Crushed ,0.1144,7.5,198400
WET,SALAPI,Crushed ,0.1144,10,213700
WET,SALAPI,Crushed ,0.1247,0,63120
WET,SALAPI,Crushed ,0.1247,1,69910
WET,SALAPI,Crushed ,0.1247,2.5,95320
WET,SALAPI,Crushed ,0.1247,5,116300
WET,SALAPI,Crushed ,0.1247,7.5,135600
WET,SALAPI,Crushed ,0.1247,10,162300
WET,SALAPI,Crushed ,0.1891,0,14100
WET,SALAPI,Crushed ,0.1891,1,76180
WET,SALAPI,Crushed ,0.1891,2.5,96030
WET,SALAPI,Crushed ,0.1891,5,107900
WET,SALAPI,Crushed ,0.1891,7.5,125700
WET,SALAPI,Crushed ,0.1891,10,142700
WET,SALAPI,Crushed ,0.1921,0,16300
WET,SALAPI,Crushed ,0.1921,1,27480
WET,SALAPI,Crushed ,0.1921,2.5,68390
WET,SALAPI,Crushed ,0.1921,5,92580
WET,SALAPI,Crushed ,0.1921,7.5,115300
WET,SALAPI,Crushed ,0.1921,10,154300
WET,SALAPI,Crushed ,0.3066,0,105900
WET,SALAPI,Crushed ,0.3066,1,171800
WET,SALAPI,Crushed ,0.3066,2.5,194600
WET,SALAPI,Crushed ,0.3066,5,213700
WET,SALAPI,Crushed ,0.3066,7.5,234600
WET,SALAPI,Crushed ,0.3066,10,256100
WET,CEAGRI,Control ,0.1311,0,0
WET,CEAGRI,Control ,0.1311,1,0
WET,CEAGRI,Control ,0.1311,2.5,0
WET,CEAGRI,Control ,0.1311,5,0
WET,CEAGRI,Control ,0.1311,7.5,0
WET,CEAGRI,Control ,0.1311,10,0
WET,CEAGRI,Control ,0.3283,0,0
WET,CEAGRI,Control ,0.3283,1,12
WET,CEAGRI,Control ,0.3283,2.5,99
WET,CEAGRI,Control ,0.3283,5,74
WET,CEAGRI,Control ,0.3283,7.5,84
WET,CEAGRI,Control ,0.3283,10,96
WET,CEAGRI,Control ,0.14,0,0
WET,CEAGRI,Control ,0.14,1,0
WET,CEAGRI,Control ,0.14,2.5,0
WET,CEAGRI,Control ,0.14,5,0
WET,CEAGRI,Control ,0.14,7.5,0
WET,CEAGRI,Control ,0.14,10,0
WET,CEAGRI,Control ,0.1926,0,0
WET,CEAGRI,Control ,0.1926,1,5
WET,CEAGRI,Control ,0.1926,2.5,4
WET,CEAGRI,Control ,0.1926,5,17
WET,CEAGRI,Control ,0.1926,7.5,35
WET,CEAGRI,Control ,0.1926,10,41
WET,CEAGRI,Control ,0.0664,0,0
WET,CEAGRI,Control ,0.0664,1,41
WET,CEAGRI,Control ,0.0664,2.5,43
WET,CEAGRI,Control ,0.0664,5,47
WET,CEAGRI,Control ,0.0664,7.5,42
WET,CEAGRI,Control ,0.0664,10,37
WET,CEAGRI,Crushed ,0.1089,0,247
WET,CEAGRI,Crushed ,0.1089,1,617
WET,CEAGRI,Crushed ,0.1089,2.5,631
WET,CEAGRI,Crushed ,0.1089,5,567
WET,CEAGRI,Crushed ,0.1089,7.5,548
WET,CEAGRI,Crushed ,0.1089,10,526
WET,CEAGRI,Crushed ,0.0749,0,256
WET,CEAGRI,Crushed ,0.0749,1,493
WET,CEAGRI,Crushed ,0.0749,2.5,528
WET,CEAGRI,Crushed ,0.0749,5,497
WET,CEAGRI,Crushed ,0.0749,7.5,472
WET,CEAGRI,Crushed ,0.0749,10,434
WET,CEAGRI,Crushed ,0.0849,0,289
WET,CEAGRI,Crushed ,0.0849,1,480
WET,CEAGRI,Crushed ,0.0849,2.5,489
WET,CEAGRI,Crushed ,0.0849,5,473
WET,CEAGRI,Crushed ,0.0849,7.5,456
WET,CEAGRI,Crushed ,0.0849,10,437
WET,CEAGRI,Crushed ,0.1328,0,258
WET,CEAGRI,Crushed ,0.1328,1,749
WET,CEAGRI,Crushed ,0.1328,2.5,723
WET,CEAGRI,Crushed ,0.1328,5,648
WET,CEAGRI,Crushed ,0.1328,7.5,578
WET,CEAGRI,Crushed ,0.1328,10,534
WET,CEAGRI,Crushed ,0.0831,0,248
WET,CEAGRI,Crushed ,0.0831,1,348
WET,CEAGRI,Crushed ,0.0831,2.5,531
WET,CEAGRI,Crushed ,0.0831,5,487
WET,CEAGRI,Crushed ,0.0831,7.5,453
WET,CEAGRI,Crushed ,0.0831,10,421
WET,ARTCAL,Control ,0.0938,0,0
WET,ARTCAL,Control ,0.0938,1,31
WET,ARTCAL,Control ,0.0938,2.5,29
WET,ARTCAL,Control ,0.0938,5,0
WET,ARTCAL,Control ,0.0938,7.5,0
WET,ARTCAL,Control ,0.0938,10,0
WET,ARTCAL,Control ,0.1035,0,368
WET,ARTCAL,Control ,0.1035,1,325
WET,ARTCAL,Control ,0.1035,2.5,224
WET,ARTCAL,Control ,0.1035,5,85
WET,ARTCAL,Control ,0.1035,7.5,37
WET,ARTCAL,Control ,0.1035,10,10
WET,ARTCAL,Control ,0.0698,0,22
WET,ARTCAL,Control ,0.0698,1,185
WET,ARTCAL,Control ,0.0698,2.5,151
WET,ARTCAL,Control ,0.0698,5,107
WET,ARTCAL,Control ,0.0698,7.5,73
WET,ARTCAL,Control ,0.0698,10,67
WET,ARTCAL,Control ,0.0868,0,309
WET,ARTCAL,Control ,0.0868,1,484
WET,ARTCAL,Control ,0.0868,2.5,355
WET,ARTCAL,Control ,0.0868,5,240
WET,ARTCAL,Control ,0.0868,7.5,167
WET,ARTCAL,Control ,0.0868,10,144
WET,ARTCAL,Control ,0.0783,0,72
WET,ARTCAL,Control ,0.0783,1,266
WET,ARTCAL,Control ,0.0783,2.5,235
WET,ARTCAL,Control ,0.0783,5,192
WET,ARTCAL,Control ,0.0783,7.5,156
WET,ARTCAL,Control ,0.0783,10,143
WET,ARTCAL,Crushed ,0.0866,0,32180
WET,ARTCAL,Crushed ,0.0866,1,17680
WET,ARTCAL,Crushed ,0.0866,2.5,12160
WET,ARTCAL,Crushed ,0.0866,5,8418
WET,ARTCAL,Crushed ,0.0866,7.5,5328
WET,ARTCAL,Crushed ,0.0866,10,4132
WET,ARTCAL,Crushed ,0.1454,0,113400
WET,ARTCAL,Crushed ,0.1454,1,56320
WET,ARTCAL,Crushed ,0.1454,2.5,43160
WET,ARTCAL,Crushed ,0.1454,5,14260
WET,ARTCAL,Crushed ,0.1454,7.5,9021
WET,ARTCAL,Crushed ,0.1454,10,5321
WET,ARTCAL,Crushed ,0.1215,0,94670
WET,ARTCAL,Crushed ,0.1215,1,72270
WET,ARTCAL,Crushed ,0.1215,2.5,20120
WET,ARTCAL,Crushed ,0.1215,5,11320
WET,ARTCAL,Crushed ,0.1215,7.5,7480
WET,ARTCAL,Crushed ,0.1215,10,5201
WET,ARTCAL,Crushed ,0.0921,0,28420
WET,ARTCAL,Crushed ,0.0921,1,22890
WET,ARTCAL,Crushed ,0.0921,2.5,15390
WET,ARTCAL,Crushed ,0.0921,5,9382
WET,ARTCAL,Crushed ,0.0921,7.5,6471
WET,ARTCAL,Crushed ,0.0921,10,3291
WET,ARTCAL,Crushed ,0.0623,0,33210
WET,ARTCAL,Crushed ,0.0623,1,24490
WET,ARTCAL,Crushed ,0.0623,2.5,18820
WET,ARTCAL,Crushed ,0.0623,5,11210
WET,ARTCAL,Crushed ,0.0623,7.5,7392
WET,ARTCAL,Crushed ,0.0623,10,2814
WET,HETARB,Control ,0.2858,0,2
WET,HETARB,Control ,0.2858,1,62
WET,HETARB,Control ,0.2858,2.5,67
WET,HETARB,Control ,0.2858,5,65
WET,HETARB,Control ,0.2858,7.5,76
WET,HETARB,Control ,0.2858,10,89
WET,HETARB,Control ,0.3678,0,743
WET,HETARB,Control ,0.3678,1,754
WET,HETARB,Control ,0.3678,2.5,820
WET,HETARB,Control ,0.3678,5,708
WET,HETARB,Control ,0.3678,7.5,605
WET,HETARB,Control ,0.3678,10,505
WET,HETARB,Control ,0.6318,0,50
WET,HETARB,Control ,0.6318,1,116
WET,HETARB,Control ,0.6318,2.5,137
WET,HETARB,Control ,0.6318,5,134
WET,HETARB,Control ,0.6318,7.5,146
WET,HETARB,Control ,0.6318,10,152
WET,HETARB,Control ,0.4319,0,239
WET,HETARB,Control ,0.4319,1,349
WET,HETARB,Control ,0.4319,2.5,438
WET,HETARB,Control ,0.4319,5,352
WET,HETARB,Control ,0.4319,7.5,284
WET,HETARB,Control ,0.4319,10,204
WET,HETARB,Control ,0.3212,0,141
WET,HETARB,Control ,0.3212,1,145
WET,HETARB,Control ,0.3212,2.5,147
WET,HETARB,Control ,0.3212,5,151
WET,HETARB,Control ,0.3212,7.5,152
WET,HETARB,Control ,0.3212,10,148
WET,HETARB,Crushed ,0.3251,0,2804
WET,HETARB,Crushed ,0.3251,1,2743
WET,HETARB,Crushed ,0.3251,2.5,2572
WET,HETARB,Crushed ,0.3251,5,2049
WET,HETARB,Crushed ,0.3251,7.5,1697
WET,HETARB,Crushed ,0.3251,10,1452
WET,HETARB,Crushed ,0.3829,0,347
WET,HETARB,Crushed ,0.3829,1,893
WET,HETARB,Crushed ,0.3829,2.5,1064
WET,HETARB,Crushed ,0.3829,5,1053
WET,HETARB,Crushed ,0.3829,7.5,1017
WET,HETARB,Crushed ,0.3829,10,994
WET,HETARB,Crushed ,0.4474,0,3120
WET,HETARB,Crushed ,0.4474,1,3007
WET,HETARB,Crushed ,0.4474,2.5,2561
WET,HETARB,Crushed ,0.4474,5,1997
WET,HETARB,Crushed ,0.4474,7.5,1607
WET,HETARB,Crushed ,0.4474,10,1542
WET,HETARB,Crushed ,0.4128,0,2918
WET,HETARB,Crushed ,0.4128,1,3218
WET,HETARB,Crushed ,0.4128,2.5,2931
WET,HETARB,Crushed ,0.4128,5,2742
WET,HETARB,Crushed ,0.4128,7.5,2372
WET,HETARB,Crushed ,0.4128,10,1927
WET,HETARB,Crushed ,0.3812,0,1928
WET,HETARB,Crushed ,0.3812,1,2582
WET,HETARB,Crushed ,0.3812,2.5,2721
WET,HETARB,Crushed ,0.3812,5,2429
WET,HETARB,Crushed ,0.3812,7.5,2294
WET,HETARB,Crushed ,0.3812,10,1931
WET,MALLAU,Control ,0.6484,0,226
WET,MALLAU,Control ,0.6484,1,1563
WET,MALLAU,Control ,0.6484,2.5,1683
WET,MALLAU,Control ,0.6484,5,1377
WET,MALLAU,Control ,0.6484,7.5,1291
WET,MALLAU,Control ,0.6484,10,1184
WET,MALLAU,Control ,0.5212,0,30160
WET,MALLAU,Control ,0.5212,1,19830
WET,MALLAU,Control ,0.5212,2.5,13570
WET,MALLAU,Control ,0.5212,5,6665
WET,MALLAU,Control ,0.5212,7.5,3884
WET,MALLAU,Control ,0.5212,10,3276
WET,MALLAU,Control ,0.4789,0,825
WET,MALLAU,Control ,0.4789,1,30210
WET,MALLAU,Control ,0.4789,2.5,16930
WET,MALLAU,Control ,0.4789,5,14120
WET,MALLAU,Control ,0.4789,7.5,9039
WET,MALLAU,Control ,0.4789,10,7290
WET,MALLAU,Control ,0.3776,0,1640
WET,MALLAU,Control ,0.3776,1,14290
WET,MALLAU,Control ,0.3776,2.5,3124
WET,MALLAU,Control ,0.3776,5,2862
WET,MALLAU,Control ,0.3776,7.5,3083
WET,MALLAU,Control ,0.3776,10,2783
WET,MALLAU,Control ,0.2731,0,19830
WET,MALLAU,Control ,0.2731,1,13860
WET,MALLAU,Control ,0.2731,2.5,7864
WET,MALLAU,Control ,0.2731,5,5042
WET,MALLAU,Control ,0.2731,7.5,3879
WET,MALLAU,Control ,0.2731,10,2659
WET,MALLAU,Crushed ,0.1892,0,53850
WET,MALLAU,Crushed ,0.1892,1,63570
WET,MALLAU,Crushed ,0.1892,2.5,53120
WET,MALLAU,Crushed ,0.1892,5,48370
WET,MALLAU,Crushed ,0.1892,7.5,32810
WET,MALLAU,Crushed ,0.1892,10,22010
WET,MALLAU,Crushed ,0.4311,0,26470
WET,MALLAU,Crushed ,0.4311,1,38560
WET,MALLAU,Crushed ,0.4311,2.5,28590
WET,MALLAU,Crushed ,0.4311,5,21320
WET,MALLAU,Crushed ,0.4311,7.5,16320
WET,MALLAU,Crushed ,0.4311,10,14520
WET,MALLAU,Crushed ,0.3928,0,32940
WET,MALLAU,Crushed ,0.3928,1,39910
WET,MALLAU,Crushed ,0.3928,2.5,33290
WET,MALLAU,Crushed ,0.3928,5,26380
WET,MALLAU,Crushed ,0.3928,7.5,23910
WET,MALLAU,Crushed ,0.3928,10,18370
WET,MALLAU,Crushed ,0.4204,0,52170
WET,MALLAU,Crushed ,0.4204,1,55680
WET,MALLAU,Crushed ,0.4204,2.5,58390
WET,MALLAU,Crushed ,0.4204,5,53210
WET,MALLAU,Crushed ,0.4204,7.5,39540
WET,MALLAU,Crushed ,0.4204,10,38160
WET,MALLAU,Crushed ,0.2494,0,184700
WET,MALLAU,Crushed ,0.2494,1,105600
WET,MALLAU,Crushed ,0.2494,2.5,69710
WET,MALLAU,Crushed ,0.2494,5,63180
WET,MALLAU,Crushed ,0.2494,7.5,53820
WET,MALLAU,Crushed ,0.2494,10,49170
WET,Arctostaphylos densifolia,Control ,0.2096,0,219
WET,Arctostaphylos densifolia,Control ,0.2096,1,456
WET,Arctostaphylos densifolia,Control ,0.2096,2.5,259
WET,Arctostaphylos densifolia,Control ,0.2096,5,219
WET,Arctostaphylos densifolia,Control ,0.2096,7.5,188
WET,Arctostaphylos densifolia,Control ,0.2096,10,176
WET,Arctostaphylos densifolia,Control ,0.1167,0,186
WET,Arctostaphylos densifolia,Control ,0.1167,1,244
WET,Arctostaphylos densifolia,Control ,0.1167,2.5,242
WET,Arctostaphylos densifolia,Control ,0.1167,5,260
WET,Arctostaphylos densifolia,Control ,0.1167,7.5,252
WET,Arctostaphylos densifolia,Control ,0.1167,10,218
WET,Arctostaphylos densifolia,Control ,0.0973,0,213
WET,Arctostaphylos densifolia,Control ,0.0973,1,298
WET,Arctostaphylos densifolia,Control ,0.0973,2.5,312
WET,Arctostaphylos densifolia,Control ,0.0973,5,276
WET,Arctostaphylos densifolia,Control ,0.0973,7.5,263
WET,Arctostaphylos densifolia,Control ,0.0973,10,225
WET,Arctostaphylos densifolia,Control ,0.0992,0,192
WET,Arctostaphylos densifolia,Control ,0.0992,1,231
WET,Arctostaphylos densifolia,Control ,0.0992,2.5,321
WET,Arctostaphylos densifolia,Control ,0.0992,5,417
WET,Arctostaphylos densifolia,Control ,0.0992,7.5,377
WET,Arctostaphylos densifolia,Control ,0.0992,10,352
WET,Arctostaphylos densifolia,Control ,0.1313,0,329
WET,Arctostaphylos densifolia,Control ,0.1313,1,421
WET,Arctostaphylos densifolia,Control ,0.1313,2.5,450
WET,Arctostaphylos densifolia,Control ,0.1313,5,398
WET,Arctostaphylos densifolia,Control ,0.1313,7.5,376
WET,Arctostaphylos densifolia,Control ,0.1313,10,341
WET,Arctostaphylos densifolia,Crushed ,0.159,0,1749
WET,Arctostaphylos densifolia,Crushed ,0.159,1,818
WET,Arctostaphylos densifolia,Crushed ,0.159,2.5,635
WET,Arctostaphylos densifolia,Crushed ,0.159,5,523
WET,Arctostaphylos densifolia,Crushed ,0.159,7.5,420
WET,Arctostaphylos densifolia,Crushed ,0.159,10,397
WET,Arctostaphylos densifolia,Crushed ,0.0811,0,393
WET,Arctostaphylos densifolia,Crushed ,0.0811,1,842
WET,Arctostaphylos densifolia,Crushed ,0.0811,2.5,935
WET,Arctostaphylos densifolia,Crushed ,0.0811,5,811
WET,Arctostaphylos densifolia,Crushed ,0.0811,7.5,796
WET,Arctostaphylos densifolia,Crushed ,0.0811,10,703
WET,Arctostaphylos densifolia,Crushed ,0.0551,0,528
WET,Arctostaphylos densifolia,Crushed ,0.0551,1,631
WET,Arctostaphylos densifolia,Crushed ,0.0551,2.5,639
WET,Arctostaphylos densifolia,Crushed ,0.0551,5,621
WET,Arctostaphylos densifolia,Crushed ,0.0551,7.5,602
WET,Arctostaphylos densifolia,Crushed ,0.0551,10,592
WET,Arctostaphylos densifolia,Crushed ,0.0632,0,1165
WET,Arctostaphylos densifolia,Crushed ,0.0632,1,948
WET,Arctostaphylos densifolia,Crushed ,0.0632,2.5,937
WET,Arctostaphylos densifolia,Crushed ,0.0632,5,894
WET,Arctostaphylos densifolia,Crushed ,0.0632,7.5,856
WET,Arctostaphylos densifolia,Crushed ,0.0632,10,803
WET,Arctostaphylos densifolia,Crushed ,0.0402,0,387
WET,Arctostaphylos densifolia,Crushed ,0.0402,1,842
WET,Arctostaphylos densifolia,Crushed ,0.0402,2.5,879
WET,Arctostaphylos densifolia,Crushed ,0.0402,5,1122
WET,Arctostaphylos densifolia,Crushed ,0.0402,7.5,1009
WET,Arctostaphylos densifolia,Crushed ,0.0402,10,967
WET,ERIKAR,Control ,0.0213,0,298
WET,ERIKAR,Control ,0.0213,1,312
WET,ERIKAR,Control ,0.0213,2.5,303
WET,ERIKAR,Control ,0.0213,5,286
WET,ERIKAR,Control ,0.0213,7.5,274
WET,ERIKAR,Control ,0.0213,10,268
WET,ERIKAR,Control ,0.0343,0,307
WET,ERIKAR,Control ,0.0343,1,348
WET,ERIKAR,Control ,0.0343,2.5,336
WET,ERIKAR,Control ,0.0343,5,327
WET,ERIKAR,Control ,0.0343,7.5,317
WET,ERIKAR,Control ,0.0343,10,286
WET,ERIKAR,Control ,0.0259,0,332
WET,ERIKAR,Control ,0.0259,1,387
WET,ERIKAR,Control ,0.0259,2.5,373
WET,ERIKAR,Control ,0.0259,5,326
WET,ERIKAR,Control ,0.0259,7.5,308
WET,ERIKAR,Control ,0.0259,10,279
WET,ERIKAR,Control ,0.0267,0,252
WET,ERIKAR,Control ,0.0267,1,275
WET,ERIKAR,Control ,0.0267,2.5,249
WET,ERIKAR,Control ,0.0267,5,225
WET,ERIKAR,Control ,0.0267,7.5,204
WET,ERIKAR,Control ,0.0267,10,194
WET,ERIKAR,Control ,0.0249,0,352
WET,ERIKAR,Control ,0.0249,1,383
WET,ERIKAR,Control ,0.0249,2.5,358
WET,ERIKAR,Control ,0.0249,5,338
WET,ERIKAR,Control ,0.0249,7.5,303
WET,ERIKAR,Control ,0.0249,10,287
WET,ERIKAR,Crushed ,0.0244,0,556
WET,ERIKAR,Crushed ,0.0244,1,769
WET,ERIKAR,Crushed ,0.0244,2.5,783
WET,ERIKAR,Crushed ,0.0244,5,773
WET,ERIKAR,Crushed ,0.0244,7.5,727
WET,ERIKAR,Crushed ,0.0244,10,694
WET,ERIKAR,Crushed ,0.0294,0,587
WET,ERIKAR,Crushed ,0.0294,1,698
WET,ERIKAR,Crushed ,0.0294,2.5,760
WET,ERIKAR,Crushed ,0.0294,5,754
WET,ERIKAR,Crushed ,0.0294,7.5,732
WET,ERIKAR,Crushed ,0.0294,10,719
WET,ERIKAR,Crushed ,0.0137,0,487
WET,ERIKAR,Crushed ,0.0137,1,691
WET,ERIKAR,Crushed ,0.0137,2.5,749
WET,ERIKAR,Crushed ,0.0137,5,732
WET,ERIKAR,Crushed ,0.0137,7.5,721
WET,ERIKAR,Crushed ,0.0137,10,703
WET,ERIKAR,Crushed ,0.0193,0,494
WET,ERIKAR,Crushed ,0.0193,1,794
WET,ERIKAR,Crushed ,0.0193,2.5,789
WET,ERIKAR,Crushed ,0.0193,5,745
WET,ERIKAR,Crushed ,0.0193,7.5,684
WET,ERIKAR,Crushed ,0.0193,10,657
WET,ERIKAR,Crushed ,0.0152,0,482
WET,ERIKAR,Crushed ,0.0152,1,692
WET,ERIKAR,Crushed ,0.0152,2.5,739
WET,ERIKAR,Crushed ,0.0152,5,759
WET,ERIKAR,Crushed ,0.0152,7.5,741
WET,ERIKAR,Crushed ,0.0152,10,720
WET,IRIDOU,Control ,0.0175,0,223
WET,IRIDOU,Control ,0.0175,1,195
WET,IRIDOU,Control ,0.0175,2.5,179
WET,IRIDOU,Control ,0.0175,5,165
WET,IRIDOU,Control ,0.0175,7.5,157
WET,IRIDOU,Control ,0.0175,10,149
WET,IRIDOU,Control ,0.0672,0,98
WET,IRIDOU,Control ,0.0672,1,141
WET,IRIDOU,Control ,0.0672,2.5,119
WET,IRIDOU,Control ,0.0672,5,112
WET,IRIDOU,Control ,0.0672,7.5,105
WET,IRIDOU,Control ,0.0672,10,97
WET,IRIDOU,Control ,0.0381,0,90
WET,IRIDOU,Control ,0.0381,1,107
WET,IRIDOU,Control ,0.0381,2.5,105
WET,IRIDOU,Control ,0.0381,5,111
WET,IRIDOU,Control ,0.0381,7.5,109
WET,IRIDOU,Control ,0.0381,10,106
WET,IRIDOU,Control ,0.0354,0,107
WET,IRIDOU,Control ,0.0354,1,182
WET,IRIDOU,Control ,0.0354,2.5,161
WET,IRIDOU,Control ,0.0354,5,154
WET,IRIDOU,Control ,0.0354,7.5,143
WET,IRIDOU,Control ,0.0354,10,136
WET,IRIDOU,Control ,0.0278,0,116
WET,IRIDOU,Control ,0.0278,1,147
WET,IRIDOU,Control ,0.0278,2.5,146
WET,IRIDOU,Control ,0.0278,5,141
WET,IRIDOU,Control ,0.0278,7.5,139
WET,IRIDOU,Control ,0.0278,10,136
WET,IRIDOU,Crushed ,0.0198,0,110
WET,IRIDOU,Crushed ,0.0198,1,303
WET,IRIDOU,Crushed ,0.0198,2.5,240
WET,IRIDOU,Crushed ,0.0198,5,205
WET,IRIDOU,Crushed ,0.0198,7.5,178
WET,IRIDOU,Crushed ,0.0198,10,153
WET,IRIDOU,Crushed ,0.0223,0,152
WET,IRIDOU,Crushed ,0.0223,1,559
WET,IRIDOU,Crushed ,0.0223,2.5,501
WET,IRIDOU,Crushed ,0.0223,5,479
WET,IRIDOU,Crushed ,0.0223,7.5,421
WET,IRIDOU,Crushed ,0.0223,10,389
WET,IRIDOU,Crushed ,0.0396,0,160
WET,IRIDOU,Crushed ,0.0396,1,601
WET,IRIDOU,Crushed ,0.0396,2.5,551
WET,IRIDOU,Crushed ,0.0396,5,468
WET,IRIDOU,Crushed ,0.0396,7.5,423
WET,IRIDOU,Crushed ,0.0396,10,398
WET,IRIDOU,Crushed ,0.0319,0,139
WET,IRIDOU,Crushed ,0.0319,1,575
WET,IRIDOU,Crushed ,0.0319,2.5,523
WET,IRIDOU,Crushed ,0.0319,5,489
WET,IRIDOU,Crushed ,0.0319,7.5,462
WET,IRIDOU,Crushed ,0.0319,10,423
WET,IRIDOU,Crushed ,0.0329,0,116
WET,IRIDOU,Crushed ,0.0329,1,432
WET,IRIDOU,Crushed ,0.0329,2.5,317
WET,IRIDOU,Crushed ,0.0329,5,298
WET,IRIDOU,Crushed ,0.0329,7.5,278
WET,IRIDOU,Crushed ,0.0329,10,265
DROUGHT,SALLEU,Control ,0.0669,0,0
DROUGHT,SALLEU,Control ,0.0669,1,0
DROUGHT,SALLEU,Control ,0.0669,2.5,0
DROUGHT,SALLEU,Control ,0.0669,5,0
DROUGHT,SALLEU,Control ,0.0669,7.5,0
DROUGHT,SALLEU,Control ,0.0669,10,0
DROUGHT,SALLEU,Control ,0.1217,0,0
DROUGHT,SALLEU,Control ,0.1217,1,0
DROUGHT,SALLEU,Control ,0.1217,2.5,0
DROUGHT,SALLEU,Control ,0.1217,5,0
DROUGHT,SALLEU,Control ,0.1217,7.5,0
DROUGHT,SALLEU,Control ,0.1217,10,0
DROUGHT,SALLEU,Control ,0.1178,0,9
DROUGHT,SALLEU,Control ,0.1178,1,19
DROUGHT,SALLEU,Control ,0.1178,2.5,0
DROUGHT,SALLEU,Control ,0.1178,5,0
DROUGHT,SALLEU,Control ,0.1178,7.5,0
DROUGHT,SALLEU,Control ,0.1178,10,0
DROUGHT,SALLEU,Control ,0.0628,0,0
DROUGHT,SALLEU,Control ,0.0628,1,0
DROUGHT,SALLEU,Control ,0.0628,2.5,0
DROUGHT,SALLEU,Control ,0.0628,5,0
DROUGHT,SALLEU,Control ,0.0628,7.5,0
DROUGHT,SALLEU,Control ,0.0628,10,0
DROUGHT,SALLEU,Control ,0.0914,0,0
DROUGHT,SALLEU,Control ,0.0914,1,0
DROUGHT,SALLEU,Control ,0.0914,2.5,0
DROUGHT,SALLEU,Control ,0.0914,5,0
DROUGHT,SALLEU,Control ,0.0914,7.5,0
DROUGHT,SALLEU,Control ,0.0914,10,0
DROUGHT,SALLEU,Crushed ,0.1362,0,23030
DROUGHT,SALLEU,Crushed ,0.1362,1,45330
DROUGHT,SALLEU,Crushed ,0.1362,2.5,36060
DROUGHT,SALLEU,Crushed ,0.1362,5,31620
DROUGHT,SALLEU,Crushed ,0.1362,7.5,24280
DROUGHT,SALLEU,Crushed ,0.1362,10,3903
DROUGHT,SALLEU,Crushed ,0.0684,0,14380
DROUGHT,SALLEU,Crushed ,0.0684,1,19350
DROUGHT,SALLEU,Crushed ,0.0684,2.5,11370
DROUGHT,SALLEU,Crushed ,0.0684,5,7467
DROUGHT,SALLEU,Crushed ,0.0684,7.5,5447
DROUGHT,SALLEU,Crushed ,0.0684,10,4219
DROUGHT,SALLEU,Crushed ,0.1145,0,75250
DROUGHT,SALLEU,Crushed ,0.1145,1,37780
DROUGHT,SALLEU,Crushed ,0.1145,2.5,25700
DROUGHT,SALLEU,Crushed ,0.1145,5,24820
DROUGHT,SALLEU,Crushed ,0.1145,7.5,23580
DROUGHT,SALLEU,Crushed ,0.1145,10,9568
DROUGHT,SALLEU,Crushed ,0.1111,0,42170
DROUGHT,SALLEU,Crushed ,0.1111,1,55170
DROUGHT,SALLEU,Crushed ,0.1111,2.5,62850
DROUGHT,SALLEU,Crushed ,0.1111,5,22420
DROUGHT,SALLEU,Crushed ,0.1111,7.5,18850
DROUGHT,SALLEU,Crushed ,0.1111,10,15420
DROUGHT,SALLEU,Crushed ,0.0968,0,156800
DROUGHT,SALLEU,Crushed ,0.0968,1,62210
DROUGHT,SALLEU,Crushed ,0.0968,2.5,43020
DROUGHT,SALLEU,Crushed ,0.0968,5,36410
DROUGHT,SALLEU,Crushed ,0.0968,7.5,34880
DROUGHT,SALLEU,Crushed ,0.0968,10,23190
DROUGHT,SALAPI,Control ,0.0356,0,0
DROUGHT,SALAPI,Control ,0.0356,1,0
DROUGHT,SALAPI,Control ,0.0356,2.5,0
DROUGHT,SALAPI,Control ,0.0356,5,0
DROUGHT,SALAPI,Control ,0.0356,7.5,0
DROUGHT,SALAPI,Control ,0.0356,10,0
DROUGHT,SALAPI,Control ,0.0966,0,0
DROUGHT,SALAPI,Control ,0.0966,1,0
DROUGHT,SALAPI,Control ,0.0966,2.5,0
DROUGHT,SALAPI,Control ,0.0966,5,0
DROUGHT,SALAPI,Control ,0.0966,7.5,0
DROUGHT,SALAPI,Control ,0.0966,10,0
DROUGHT,SALAPI,Control ,0.1743,0,308
DROUGHT,SALAPI,Control ,0.1743,1,629
DROUGHT,SALAPI,Control ,0.1743,2.5,372
DROUGHT,SALAPI,Control ,0.1743,5,154
DROUGHT,SALAPI,Control ,0.1743,7.5,53
DROUGHT,SALAPI,Control ,0.1743,10,2
DROUGHT,SALAPI,Control ,0.0682,0,0
DROUGHT,SALAPI,Control ,0.0682,1,0
DROUGHT,SALAPI,Control ,0.0682,2.5,0
DROUGHT,SALAPI,Control ,0.0682,5,0
DROUGHT,SALAPI,Control ,0.0682,7.5,0
DROUGHT,SALAPI,Control ,0.0682,10,0
DROUGHT,SALAPI,Control ,0.0801,0,0
DROUGHT,SALAPI,Control ,0.0801,1,0
DROUGHT,SALAPI,Control ,0.0801,2.5,0
DROUGHT,SALAPI,Control ,0.0801,5,0
DROUGHT,SALAPI,Control ,0.0801,7.5,0
DROUGHT,SALAPI,Control ,0.0801,10,0
DROUGHT,SALAPI,Crushed ,0.0463,0,53450
DROUGHT,SALAPI,Crushed ,0.0463,1,16410
DROUGHT,SALAPI,Crushed ,0.0463,2.5,17470
DROUGHT,SALAPI,Crushed ,0.0463,5,8509
DROUGHT,SALAPI,Crushed ,0.0463,7.5,4977
DROUGHT,SALAPI,Crushed ,0.0463,10,3537
DROUGHT,SALAPI,Crushed ,0.0776,0,19820
DROUGHT,SALAPI,Crushed ,0.0776,1,29910
DROUGHT,SALAPI,Crushed ,0.0776,2.5,19960
DROUGHT,SALAPI,Crushed ,0.0776,5,9278
DROUGHT,SALAPI,Crushed ,0.0776,7.5,5948
DROUGHT,SALAPI,Crushed ,0.0776,10,4511
DROUGHT,SALAPI,Crushed ,0.1963,0,84370
DROUGHT,SALAPI,Crushed ,0.1963,1,54280
DROUGHT,SALAPI,Crushed ,0.1963,2.5,44360
DROUGHT,SALAPI,Crushed ,0.1963,5,23840
DROUGHT,SALAPI,Crushed ,0.1963,7.5,15810
DROUGHT,SALAPI,Crushed ,0.1963,10,6783
DROUGHT,SALAPI,Crushed ,0.0427,0,34920
DROUGHT,SALAPI,Crushed ,0.0427,1,27730
DROUGHT,SALAPI,Crushed ,0.0427,2.5,18130
DROUGHT,SALAPI,Crushed ,0.0427,5,8032
DROUGHT,SALAPI,Crushed ,0.0427,7.5,7332
DROUGHT,SALAPI,Crushed ,0.0427,10,5381
DROUGHT,SALAPI,Crushed ,0.0707,0,43860
DROUGHT,SALAPI,Crushed ,0.0707,1,18920
DROUGHT,SALAPI,Crushed ,0.0707,2.5,8958
DROUGHT,SALAPI,Crushed ,0.0707,5,4562
DROUGHT,SALAPI,Crushed ,0.0707,7.5,2662
DROUGHT,SALAPI,Crushed ,0.0707,10,1681
DROUGHT,CEAGRI,Control ,0.0862,0,0
DROUGHT,CEAGRI,Control ,0.0862,1,0
DROUGHT,CEAGRI,Control ,0.0862,2.5,0
DROUGHT,CEAGRI,Control ,0.0862,5,0
DROUGHT,CEAGRI,Control ,0.0862,7.5,0
DROUGHT,CEAGRI,Control ,0.0862,10,0
DROUGHT,CEAGRI,Control ,0.0758,0,0
DROUGHT,CEAGRI,Control ,0.0758,1,0
DROUGHT,CEAGRI,Control ,0.0758,2.5,0
DROUGHT,CEAGRI,Control ,0.0758,5,0
DROUGHT,CEAGRI,Control ,0.0758,7.5,0
DROUGHT,CEAGRI,Control ,0.0758,10,0
DROUGHT,CEAGRI,Control ,0.0337,0,0
DROUGHT,CEAGRI,Control ,0.0337,1,0
DROUGHT,CEAGRI,Control ,0.0337,2.5,0
DROUGHT,CEAGRI,Control ,0.0337,5,0
DROUGHT,CEAGRI,Control ,0.0337,7.5,0
DROUGHT,CEAGRI,Control ,0.0337,10,0
DROUGHT,CEAGRI,Control ,0.0274,0,23
DROUGHT,CEAGRI,Control ,0.0274,1,0
DROUGHT,CEAGRI,Control ,0.0274,2.5,0
DROUGHT,CEAGRI,Control ,0.0274,5,0
DROUGHT,CEAGRI,Control ,0.0274,7.5,0
DROUGHT,CEAGRI,Control ,0.0274,10,0
DROUGHT,CEAGRI,Control ,0.0515,0,73
DROUGHT,CEAGRI,Control ,0.0515,1,52
DROUGHT,CEAGRI,Control ,0.0515,2.5,0
DROUGHT,CEAGRI,Control ,0.0515,5,0
DROUGHT,CEAGRI,Control ,0.0515,7.5,0
DROUGHT,CEAGRI,Control ,0.0515,10,0
DROUGHT,CEAGRI,Crushed ,0.0528,0,227
DROUGHT,CEAGRI,Crushed ,0.0528,1,325
DROUGHT,CEAGRI,Crushed ,0.0528,2.5,174
DROUGHT,CEAGRI,Crushed ,0.0528,5,13
DROUGHT,CEAGRI,Crushed ,0.0528,7.5,0
DROUGHT,CEAGRI,Crushed ,0.0528,10,0
DROUGHT,CEAGRI,Crushed ,0.0601,0,758
DROUGHT,CEAGRI,Crushed ,0.0601,1,811
DROUGHT,CEAGRI,Crushed ,0.0601,2.5,584
DROUGHT,CEAGRI,Crushed ,0.0601,5,347
DROUGHT,CEAGRI,Crushed ,0.0601,7.5,223
DROUGHT,CEAGRI,Crushed ,0.0601,10,158
DROUGHT,CEAGRI,Crushed ,0.0435,0,111
DROUGHT,CEAGRI,Crushed ,0.0435,1,142
DROUGHT,CEAGRI,Crushed ,0.0435,2.5,214
DROUGHT,CEAGRI,Crushed ,0.0435,5,151
DROUGHT,CEAGRI,Crushed ,0.0435,7.5,78
DROUGHT,CEAGRI,Crushed ,0.0435,10,36
DROUGHT,CEAGRI,Crushed ,0.0617,0,152
DROUGHT,CEAGRI,Crushed ,0.0617,1,4
DROUGHT,CEAGRI,Crushed ,0.0617,2.5,0
DROUGHT,CEAGRI,Crushed ,0.0617,5,0
DROUGHT,CEAGRI,Crushed ,0.0617,7.5,0
DROUGHT,CEAGRI,Crushed ,0.0617,10,0
DROUGHT,CEAGRI,Crushed ,0.032,0,0
DROUGHT,CEAGRI,Crushed ,0.032,1,0
DROUGHT,CEAGRI,Crushed ,0.032,2.5,0
DROUGHT,CEAGRI,Crushed ,0.032,5,0
DROUGHT,CEAGRI,Crushed ,0.032,7.5,0
DROUGHT,CEAGRI,Crushed ,0.032,10,0
DROUGHT,ARTCAL,Control ,0.0592,0,0
DROUGHT,ARTCAL,Control ,0.0592,1,0
DROUGHT,ARTCAL,Control ,0.0592,2.5,0
DROUGHT,ARTCAL,Control ,0.0592,5,0
DROUGHT,ARTCAL,Control ,0.0592,7.5,0
DROUGHT,ARTCAL,Control ,0.0592,10,0
DROUGHT,ARTCAL,Control ,0.1023,0,0
DROUGHT,ARTCAL,Control ,0.1023,1,0
DROUGHT,ARTCAL,Control ,0.1023,2.5,0
DROUGHT,ARTCAL,Control ,0.1023,5,0
DROUGHT,ARTCAL,Control ,0.1023,7.5,0
DROUGHT,ARTCAL,Control ,0.1023,10,0
DROUGHT,ARTCAL,Control ,0.0466,0,74
DROUGHT,ARTCAL,Control ,0.0466,1,0
DROUGHT,ARTCAL,Control ,0.0466,2.5,0
DROUGHT,ARTCAL,Control ,0.0466,5,0
DROUGHT,ARTCAL,Control ,0.0466,7.5,0
DROUGHT,ARTCAL,Control ,0.0466,10,0
DROUGHT,ARTCAL,Control ,0.0804,0,0
DROUGHT,ARTCAL,Control ,0.0804,1,0
DROUGHT,ARTCAL,Control ,0.0804,2.5,0
DROUGHT,ARTCAL,Control ,0.0804,5,0
DROUGHT,ARTCAL,Control ,0.0804,7.5,0
DROUGHT,ARTCAL,Control ,0.0804,10,0
DROUGHT,ARTCAL,Control ,0.0714,0,0
DROUGHT,ARTCAL,Control ,0.0714,1,0
DROUGHT,ARTCAL,Control ,0.0714,2.5,0
DROUGHT,ARTCAL,Control ,0.0714,5,0
DROUGHT,ARTCAL,Control ,0.0714,7.5,0
DROUGHT,ARTCAL,Control ,0.0714,10,0
DROUGHT,ARTCAL,Crushed ,0.0391,0,0
DROUGHT,ARTCAL,Crushed ,0.0391,1,0
DROUGHT,ARTCAL,Crushed ,0.0391,2.5,0
DROUGHT,ARTCAL,Crushed ,0.0391,5,0
DROUGHT,ARTCAL,Crushed ,0.0391,7.5,0
DROUGHT,ARTCAL,Crushed ,0.0391,10,0
DROUGHT,ARTCAL,Crushed ,0.0571,0,29520
DROUGHT,ARTCAL,Crushed ,0.0571,1,6704
DROUGHT,ARTCAL,Crushed ,0.0571,2.5,4144
DROUGHT,ARTCAL,Crushed ,0.0571,5,2126
DROUGHT,ARTCAL,Crushed ,0.0571,7.5,1372
DROUGHT,ARTCAL,Crushed ,0.0571,10,1094
DROUGHT,ARTCAL,Crushed ,0.0685,0,24530
DROUGHT,ARTCAL,Crushed ,0.0685,1,8368
DROUGHT,ARTCAL,Crushed ,0.0685,2.5,5521
DROUGHT,ARTCAL,Crushed ,0.0685,5,3376
DROUGHT,ARTCAL,Crushed ,0.0685,7.5,2417
DROUGHT,ARTCAL,Crushed ,0.0685,10,1849
DROUGHT,ARTCAL,Crushed ,0.0874,0,11920
DROUGHT,ARTCAL,Crushed ,0.0874,1,67920
DROUGHT,ARTCAL,Crushed ,0.0874,2.5,38520
DROUGHT,ARTCAL,Crushed ,0.0874,5,16420
DROUGHT,ARTCAL,Crushed ,0.0874,7.5,9559
DROUGHT,ARTCAL,Crushed ,0.0874,10,7182
DROUGHT,ARTCAL,Crushed ,0.0558,0,78810
DROUGHT,ARTCAL,Crushed ,0.0558,1,38810
DROUGHT,ARTCAL,Crushed ,0.0558,2.5,20010
DROUGHT,ARTCAL,Crushed ,0.0558,5,16740
DROUGHT,ARTCAL,Crushed ,0.0558,7.5,8181
DROUGHT,ARTCAL,Crushed ,0.0558,10,5777
DROUGHT,HETARB,Control ,0.3729,0,0
DROUGHT,HETARB,Control ,0.3729,1,0
DROUGHT,HETARB,Control ,0.3729,2.5,0
DROUGHT,HETARB,Control ,0.3729,5,0
DROUGHT,HETARB,Control ,0.3729,7.5,0
DROUGHT,HETARB,Control ,0.3729,10,0
DROUGHT,HETARB,Control ,0.2927,0,0
DROUGHT,HETARB,Control ,0.2927,1,0
DROUGHT,HETARB,Control ,0.2927,2.5,0
DROUGHT,HETARB,Control ,0.2927,5,0
DROUGHT,HETARB,Control ,0.2927,7.5,0
DROUGHT,HETARB,Control ,0.2927,10,0
DROUGHT,HETARB,Control ,0.6262,0,0
DROUGHT,HETARB,Control ,0.6262,1,0
DROUGHT,HETARB,Control ,0.6262,2.5,0
DROUGHT,HETARB,Control ,0.6262,5,0
DROUGHT,HETARB,Control ,0.6262,7.5,0
DROUGHT,HETARB,Control ,0.6262,10,0
DROUGHT,HETARB,Control ,0.4803,0,0
DROUGHT,HETARB,Control ,0.4803,1,0
DROUGHT,HETARB,Control ,0.4803,2.5,0
DROUGHT,HETARB,Control ,0.4803,5,0
DROUGHT,HETARB,Control ,0.4803,7.5,0
DROUGHT,HETARB,Control ,0.4803,10,0
DROUGHT,HETARB,Control ,0.3122,0,0
DROUGHT,HETARB,Control ,0.3122,1,0
DROUGHT,HETARB,Control ,0.3122,2.5,0
DROUGHT,HETARB,Control ,0.3122,5,0
DROUGHT,HETARB,Control ,0.3122,7.5,0
DROUGHT,HETARB,Control ,0.3122,10,0
DROUGHT,HETARB,Crushed ,0.3998,0,0
DROUGHT,HETARB,Crushed ,0.3998,1,0
DROUGHT,HETARB,Crushed ,0.3998,2.5,0
DROUGHT,HETARB,Crushed ,0.3998,5,0
DROUGHT,HETARB,Crushed ,0.3998,7.5,0
DROUGHT,HETARB,Crushed ,0.3998,10,0
DROUGHT,HETARB,Crushed ,0.2169,0,38
DROUGHT,HETARB,Crushed ,0.2169,1,113
DROUGHT,HETARB,Crushed ,0.2169,2.5,154
DROUGHT,HETARB,Crushed ,0.2169,5,128
DROUGHT,HETARB,Crushed ,0.2169,7.5,82
DROUGHT,HETARB,Crushed ,0.2169,10,39
DROUGHT,HETARB,Crushed ,0.3961,0,0
DROUGHT,HETARB,Crushed ,0.3961,1,0
DROUGHT,HETARB,Crushed ,0.3961,2.5,0
DROUGHT,HETARB,Crushed ,0.3961,5,0
DROUGHT,HETARB,Crushed ,0.3961,7.5,0
DROUGHT,HETARB,Crushed ,0.3961,10,0
DROUGHT,HETARB,Crushed ,0.4149,0,252
DROUGHT,HETARB,Crushed ,0.4149,1,770
DROUGHT,HETARB,Crushed ,0.4149,2.5,682
DROUGHT,HETARB,Crushed ,0.4149,5,428
DROUGHT,HETARB,Crushed ,0.4149,7.5,238
DROUGHT,HETARB,Crushed ,0.4149,10,59
DROUGHT,HETARB,Crushed ,0.1608,0,0
DROUGHT,HETARB,Crushed ,0.1608,1,0
DROUGHT,HETARB,Crushed ,0.1608,2.5,0
DROUGHT,HETARB,Crushed ,0.1608,5,0
DROUGHT,HETARB,Crushed ,0.1608,7.5,0
DROUGHT,HETARB,Crushed ,0.1608,10,0
DROUGHT,MALLAU,Control ,0.1568,0,0
DROUGHT,MALLAU,Control ,0.1568,1,0
DROUGHT,MALLAU,Control ,0.1568,2.5,0
DROUGHT,MALLAU,Control ,0.1568,5,0
DROUGHT,MALLAU,Control ,0.1568,7.5,0
DROUGHT,MALLAU,Control ,0.1568,10,0
DROUGHT,MALLAU,Control ,0.3381,0,8063
DROUGHT,MALLAU,Control ,0.3381,1,8830
DROUGHT,MALLAU,Control ,0.3381,2.5,11430
DROUGHT,MALLAU,Control ,0.3381,5,8122
DROUGHT,MALLAU,Control ,0.3381,7.5,5221
DROUGHT,MALLAU,Control ,0.3381,10,3352
DROUGHT,MALLAU,Control ,0.9068,0,4154
DROUGHT,MALLAU,Control ,0.9068,1,25170
DROUGHT,MALLAU,Control ,0.9068,2.5,28790
DROUGHT,MALLAU,Control ,0.9068,5,21170
DROUGHT,MALLAU,Control ,0.9068,7.5,11420
DROUGHT,MALLAU,Control ,0.9068,10,8132
DROUGHT,MALLAU,Control ,0.3111,0,2421
DROUGHT,MALLAU,Control ,0.3111,1,12790
DROUGHT,MALLAU,Control ,0.3111,2.5,5785
DROUGHT,MALLAU,Control ,0.3111,5,997
DROUGHT,MALLAU,Control ,0.3111,7.5,221
DROUGHT,MALLAU,Control ,0.3111,10,34
DROUGHT,MALLAU,Control ,0.2313,0,0
DROUGHT,MALLAU,Control ,0.2313,1,0
DROUGHT,MALLAU,Control ,0.2313,2.5,0
DROUGHT,MALLAU,Control ,0.2313,5,0
DROUGHT,MALLAU,Control ,0.2313,7.5,0
DROUGHT,MALLAU,Control ,0.2313,10,0
DROUGHT,MALLAU,Crushed ,0.4184,0,29070
DROUGHT,MALLAU,Crushed ,0.4184,1,25220
DROUGHT,MALLAU,Crushed ,0.4184,2.5,12250
DROUGHT,MALLAU,Crushed ,0.4184,5,5246
DROUGHT,MALLAU,Crushed ,0.4184,7.5,3243
DROUGHT,MALLAU,Crushed ,0.4184,10,2316
DROUGHT,MALLAU,Crushed ,0.2833,0,60080
DROUGHT,MALLAU,Crushed ,0.2833,1,18060
DROUGHT,MALLAU,Crushed ,0.2833,2.5,8939
DROUGHT,MALLAU,Crushed ,0.2833,5,7867
DROUGHT,MALLAU,Crushed ,0.2833,7.5,4536
DROUGHT,MALLAU,Crushed ,0.2833,10,3491
DROUGHT,MALLAU,Crushed ,1.2388,0,111900
DROUGHT,MALLAU,Crushed ,1.2388,1,47920
DROUGHT,MALLAU,Crushed ,1.2388,2.5,28010
DROUGHT,MALLAU,Crushed ,1.2388,5,21560
DROUGHT,MALLAU,Crushed ,1.2388,7.5,15910
DROUGHT,MALLAU,Crushed ,1.2388,10,11700
DROUGHT,MALLAU,Crushed ,0.1234,0,50090
DROUGHT,MALLAU,Crushed ,0.1234,1,79740
DROUGHT,MALLAU,Crushed ,0.1234,2.5,21930
DROUGHT,MALLAU,Crushed ,0.1234,5,9306
DROUGHT,MALLAU,Crushed ,0.1234,7.5,4308
DROUGHT,MALLAU,Crushed ,0.1234,10,2791
DROUGHT,MALLAU,Crushed ,0.4319,0,85890
DROUGHT,MALLAU,Crushed ,0.4319,1,40640
DROUGHT,MALLAU,Crushed ,0.4319,2.5,16970
DROUGHT,MALLAU,Crushed ,0.4319,5,10330
DROUGHT,MALLAU,Crushed ,0.4319,7.5,5293
DROUGHT,MALLAU,Crushed ,0.4319,10,3427
DROUGHT,Arctostaphylos densifolia,Control ,0.0797,0,0
DROUGHT,Arctostaphylos densifolia,Control ,0.0797,1,0
DROUGHT,Arctostaphylos densifolia,Control ,0.0797,2.5,0
DROUGHT,Arctostaphylos densifolia,Control ,0.0797,5,0
DROUGHT,Arctostaphylos densifolia,Control ,0.0797,7.5,0
DROUGHT,Arctostaphylos densifolia,Control ,0.0797,10,0
DROUGHT,Arctostaphylos densifolia,Control ,0.0623,0,127
DROUGHT,Arctostaphylos densifolia,Control ,0.0623,1,282
DROUGHT,Arctostaphylos densifolia,Control ,0.0623,2.5,25
DROUGHT,Arctostaphylos densifolia,Control ,0.0623,5,0
DROUGHT,Arctostaphylos densifolia,Control ,0.0623,7.5,0
DROUGHT,Arctostaphylos densifolia,Control ,0.0623,10,0
DROUGHT,Arctostaphylos densifolia,Control ,0.0668,0,184
DROUGHT,Arctostaphylos densifolia,Control ,0.0668,1,317
DROUGHT,Arctostaphylos densifolia,Control ,0.0668,2.5,279
DROUGHT,Arctostaphylos densifolia,Control ,0.0668,5,171
DROUGHT,Arctostaphylos densifolia,Control ,0.0668,7.5,91
DROUGHT,Arctostaphylos densifolia,Control ,0.0668,10,37
DROUGHT,Arctostaphylos densifolia,Control ,0.1164,0,0
DROUGHT,Arctostaphylos densifolia,Control ,0.1164,1,0
DROUGHT,Arctostaphylos densifolia,Control ,0.1164,2.5,0
DROUGHT,Arctostaphylos densifolia,Control ,0.1164,5,0
DROUGHT,Arctostaphylos densifolia,Control ,0.1164,7.5,0
DROUGHT,Arctostaphylos densifolia,Control ,0.1164,10,0
DROUGHT,Arctostaphylos densifolia,Control ,0.1468,0,0
DROUGHT,Arctostaphylos densifolia,Control ,0.1468,1,0
DROUGHT,Arctostaphylos densifolia,Control ,0.1468,2.5,0
DROUGHT,Arctostaphylos densifolia,Control ,0.1468,5,0
DROUGHT,Arctostaphylos densifolia,Control ,0.1468,7.5,0
DROUGHT,Arctostaphylos densifolia,Control ,0.1468,10,0
DROUGHT,Arctostaphylos densifolia,Crushed ,0.0782,0,60
DROUGHT,Arctostaphylos densifolia,Crushed ,0.0782,1,99
DROUGHT,Arctostaphylos densifolia,Crushed ,0.0782,2.5,130
DROUGHT,Arctostaphylos densifolia,Crushed ,0.0782,5,71
DROUGHT,Arctostaphylos densifolia,Crushed ,0.0782,7.5,9
DROUGHT,Arctostaphylos densifolia,Crushed ,0.0782,10,0
DROUGHT,Arctostaphylos densifolia,Crushed ,0.0955,0,718
DROUGHT,Arctostaphylos densifolia,Crushed ,0.0955,1,393
DROUGHT,Arctostaphylos densifolia,Crushed ,0.0955,2.5,136
DROUGHT,Arctostaphylos densifolia,Crushed ,0.0955,5,42
DROUGHT,Arctostaphylos densifolia,Crushed ,0.0955,7.5,0
DROUGHT,Arctostaphylos densifolia,Crushed ,0.0955,10,0
DROUGHT,Arctostaphylos densifolia,Crushed ,0.0811,0,83
DROUGHT,Arctostaphylos densifolia,Crushed ,0.0811,1,41
DROUGHT,Arctostaphylos densifolia,Crushed ,0.0811,2.5,0
DROUGHT,Arctostaphylos densifolia,Crushed ,0.0811,5,0
DROUGHT,Arctostaphylos densifolia,Crushed ,0.0811,7.5,0
DROUGHT,Arctostaphylos densifolia,Crushed ,0.0811,10,0
DROUGHT,Arctostaphylos densifolia,Crushed ,0.0684,0,0
DROUGHT,Arctostaphylos densifolia,Crushed ,0.0684,1,0
DROUGHT,Arctostaphylos densifolia,Crushed ,0.0684,2.5,0
DROUGHT,Arctostaphylos densifolia,Crushed ,0.0684,5,0
DROUGHT,Arctostaphylos densifolia,Crushed ,0.0684,7.5,0
DROUGHT,Arctostaphylos densifolia,Crushed ,0.0684,10,0
DROUGHT,Arctostaphylos densifolia,Crushed ,0.0391,0,0
DROUGHT,Arctostaphylos densifolia,Crushed ,0.0391,1,0
DROUGHT,Arctostaphylos densifolia,Crushed ,0.0391,2.5,0
DROUGHT,Arctostaphylos densifolia,Crushed ,0.0391,5,0
DROUGHT,Arctostaphylos densifolia,Crushed ,0.0391,7.5,0
DROUGHT,Arctostaphylos densifolia,Crushed ,0.0391,10,0
DROUGHT,ERIKAR,Control ,0.1022,0,0
DROUGHT,ERIKAR,Control ,0.1022,1,0
DROUGHT,ERIKAR,Control ,0.1022,2.5,0
DROUGHT,ERIKAR,Control ,0.1022,5,0
DROUGHT,ERIKAR,Control ,0.1022,7.5,0
DROUGHT,ERIKAR,Control ,0.1022,10,0
DROUGHT,ERIKAR,Control ,0.0727,0,0
DROUGHT,ERIKAR,Control ,0.0727,1,0
DROUGHT,ERIKAR,Control ,0.0727,2.5,0
DROUGHT,ERIKAR,Control ,0.0727,5,0
DROUGHT,ERIKAR,Control ,0.0727,7.5,0
DROUGHT,ERIKAR,Control ,0.0727,10,0
DROUGHT,ERIKAR,Control ,0.0386,0,0
DROUGHT,ERIKAR,Control ,0.0386,1,0
DROUGHT,ERIKAR,Control ,0.0386,2.5,0
DROUGHT,ERIKAR,Control ,0.0386,5,0
DROUGHT,ERIKAR,Control ,0.0386,7.5,0
DROUGHT,ERIKAR,Control ,0.0386,10,0
DROUGHT,ERIKAR,Control ,0.0951,0,0
DROUGHT,ERIKAR,Control ,0.0951,1,0
DROUGHT,ERIKAR,Control ,0.0951,2.5,0
DROUGHT,ERIKAR,Control ,0.0951,5,0
DROUGHT,ERIKAR,Control ,0.0951,7.5,0
DROUGHT,ERIKAR,Control ,0.0951,10,0
DROUGHT,ERIKAR,Control ,0.0368,0,0
DROUGHT,ERIKAR,Control ,0.0368,1,0
DROUGHT,ERIKAR,Control ,0.0368,2.5,0
DROUGHT,ERIKAR,Control ,0.0368,5,0
DROUGHT,ERIKAR,Control ,0.0368,7.5,0
DROUGHT,ERIKAR,Control ,0.0368,10,0
DROUGHT,ERIKAR,Crushed ,0.0951,0,1379
DROUGHT,ERIKAR,Crushed ,0.0951,1,1329
DROUGHT,ERIKAR,Crushed ,0.0951,2.5,1094
DROUGHT,ERIKAR,Crushed ,0.0951,5,1047
DROUGHT,ERIKAR,Crushed ,0.0951,7.5,984
DROUGHT,ERIKAR,Crushed ,0.0951,10,915
DROUGHT,ERIKAR,Crushed ,0.0631,0,1226
DROUGHT,ERIKAR,Crushed ,0.0631,1,577
DROUGHT,ERIKAR,Crushed ,0.0631,2.5,514
DROUGHT,ERIKAR,Crushed ,0.0631,5,493
DROUGHT,ERIKAR,Crushed ,0.0631,7.5,421
DROUGHT,ERIKAR,Crushed ,0.0631,10,358
DROUGHT,ERIKAR,Crushed ,0.0227,0,254
DROUGHT,ERIKAR,Crushed ,0.0227,1,251
DROUGHT,ERIKAR,Crushed ,0.0227,2.5,191
DROUGHT,ERIKAR,Crushed ,0.0227,5,115
DROUGHT,ERIKAR,Crushed ,0.0227,7.5,36
DROUGHT,ERIKAR,Crushed ,0.0227,10,5
DROUGHT,ERIKAR,Crushed ,0.0308,0,5086
DROUGHT,ERIKAR,Crushed ,0.0308,1,1468
DROUGHT,ERIKAR,Crushed ,0.0308,2.5,1562
DROUGHT,ERIKAR,Crushed ,0.0308,5,2031
DROUGHT,ERIKAR,Crushed ,0.0308,7.5,1671
DROUGHT,ERIKAR,Crushed ,0.0308,10,1481
DROUGHT,ERIKAR,Crushed ,0.0444,0,2603
DROUGHT,ERIKAR,Crushed ,0.0444,1,3182
DROUGHT,ERIKAR,Crushed ,0.0444,2.5,2302
DROUGHT,ERIKAR,Crushed ,0.0444,5,1691
DROUGHT,ERIKAR,Crushed ,0.0444,7.5,1395
DROUGHT,ERIKAR,Crushed ,0.0444,10,1197
DROUGHT,IRIDOU,Control ,0.0423,0,0
DROUGHT,IRIDOU,Control ,0.0423,1,0
DROUGHT,IRIDOU,Control ,0.0423,2.5,0
DROUGHT,IRIDOU,Control ,0.0423,5,0
DROUGHT,IRIDOU,Control ,0.0423,7.5,0
DROUGHT,IRIDOU,Control ,0.0423,10,0
DROUGHT,IRIDOU,Control ,0.0313,0,0
DROUGHT,IRIDOU,Control ,0.0313,1,0
DROUGHT,IRIDOU,Control ,0.0313,2.5,0
DROUGHT,IRIDOU,Control ,0.0313,5,0
DROUGHT,IRIDOU,Control ,0.0313,7.5,0
DROUGHT,IRIDOU,Control ,0.0313,10,0
DROUGHT,IRIDOU,Control ,0.0373,0,0
DROUGHT,IRIDOU,Control ,0.0373,1,0
DROUGHT,IRIDOU,Control ,0.0373,2.5,0
DROUGHT,IRIDOU,Control ,0.0373,5,0
DROUGHT,IRIDOU,Control ,0.0373,7.5,0
DROUGHT,IRIDOU,Control ,0.0373,10,0
DROUGHT,IRIDOU,Control ,0.0262,0,0
DROUGHT,IRIDOU,Control ,0.0262,1,0
DROUGHT,IRIDOU,Control ,0.0262,2.5,0
DROUGHT,IRIDOU,Control ,0.0262,5,0
DROUGHT,IRIDOU,Control ,0.0262,7.5,0
DROUGHT,IRIDOU,Control ,0.0262,10,0
DROUGHT,IRIDOU,Control ,0.0137,0,0
DROUGHT,IRIDOU,Control ,0.0137,1,0
DROUGHT,IRIDOU,Control ,0.0137,2.5,0
DROUGHT,IRIDOU,Control ,0.0137,5,0
DROUGHT,IRIDOU,Control ,0.0137,7.5,0
DROUGHT,IRIDOU,Control ,0.0137,10,0
DROUGHT,IRIDOU,Crushed ,0.0339,0,216
DROUGHT,IRIDOU,Crushed ,0.0339,1,911
DROUGHT,IRIDOU,Crushed ,0.0339,2.5,1278
DROUGHT,IRIDOU,Crushed ,0.0339,5,837
DROUGHT,IRIDOU,Crushed ,0.0339,7.5,495
DROUGHT,IRIDOU,Crushed ,0.0339,10,373
DROUGHT,IRIDOU,Crushed ,0.0421,0,0
DROUGHT,IRIDOU,Crushed ,0.0421,1,0
DROUGHT,IRIDOU,Crushed ,0.0421,2.5,0
DROUGHT,IRIDOU,Crushed ,0.0421,5,0
DROUGHT,IRIDOU,Crushed ,0.0421,7.5,0
DROUGHT,IRIDOU,Crushed ,0.0421,10,0
DROUGHT,IRIDOU,Crushed ,0.0326,0,176
DROUGHT,IRIDOU,Crushed ,0.0326,1,385
DROUGHT,IRIDOU,Crushed ,0.0326,2.5,42
DROUGHT,IRIDOU,Crushed ,0.0326,5,0
DROUGHT,IRIDOU,Crushed ,0.0326,7.5,0
DROUGHT,IRIDOU,Crushed ,0.0326,10,0
DROUGHT,IRIDOU,Crushed ,0.0515,0,0
DROUGHT,IRIDOU,Crushed ,0.0515,1,302
DROUGHT,IRIDOU,Crushed ,0.0515,2.5,265
DROUGHT,IRIDOU,Crushed ,0.0515,5,74
DROUGHT,IRIDOU,Crushed ,0.0515,7.5,0
DROUGHT,IRIDOU,Crushed ,0.0515,10,0
DROUGHT,IRIDOU,Crushed ,0.0721,0,0
DROUGHT,IRIDOU,Crushed ,0.0721,1,0
DROUGHT,IRIDOU,Crushed ,0.0721,2.5,0
DROUGHT,IRIDOU,Crushed ,0.0721,5,0
DROUGHT,IRIDOU,Crushed ,0.0721,7.5,0
DROUGHT,IRIDOU,Crushed ,0.0721,10,0