date,species,plant,rep,input_by,potted,branch_length,branch_width,branch_height,total_branch_mass,branching,mpa,notes on plant char,start_time_clocktime,start_time,ambient_temp,ambient_humidity,pre_ignition_glow,first_glow_time,ignition,primary_ignition,primary_time_of_flame_end,secondary_ignition,secondary_time_of_flame_end,third_ignition,third_time_of_ignition_flame_end,time_fh,fh,time_of_glow_end,thermocoupler_height,hotplate_height,notes on flame data,
2022-07-27,SALLEU,1,10,JC,yes,25.00,8.50,5.75,19.74,9,-1.9,,13:24:57,13:24:57,33.8,33,0,N/A,M,13:35:26,13:35:55,N/A,N/A,N/A,N/A,13:35:33,21.0,13:38:41,19.0,16.0,,
2022-07-27,SALLEU,1,11,JC,yes,25.00,12.50,5.00,20.98,9,-1.7,,13:40:17,13:40:17,34.3,32,1,13:43:45,M,13:51:00,13:51:19,N/A,N/A,N/A,N/A,13:51:01,24.0,13:52:50,19.0,16.0,,
2022-07-27,SALLEU,1,1,JC,yes,25.00,4.30,2.70,18.84,2,-1.8,,10:27:31,10:27:31,24.6,54,0,N/A,M,10:36:31,10:36:36,N/A,N/A,N/A,N/A,10:36:32,24.0,10:39:19,19.0,16.0,,
2022-07-27,SALLEU,1,2,JC,yes,25.00,14.00,4.30,20.17,4,-1.9,,10:41:36,10:41:36,26.5,47,1,10:43:16,1,10:49:55,10:50:23,N/A,N/A,N/A,N/A,10:49:57,19.0,10:50:47,19.0,16.0,,
2022-07-20,HETARB,7,1,RD,yes,15.90,16.10,9.40,28.38,2,-2.7,,10:43:16,10:43:16,26.6,51,0,N/A,M,10:58:45,10:59:00,N/A,,N/A,N/A,10:58:35,60.0,11:00:38,19.0,14.0,cannot tell time of glow end,
2022-07-27,SALLEU,1,3,JC,yes,25.00,9.00,9.60,20.84,8,-1.5,,10:53:24,10:53:24,27.7,43,0,N/A,M,11:12:30,11:12:50,N/A,N/A,N/A,N/A,11:12:32,25.0,11:14:31,19.0,16.0,,
2022-07-19,HETARB,1,1,AC,yes,21.00,17.20,15.00,37.22,0,-2.8,,10:57:00,10:57:00,34.2,40,0,N/A,M,11:12:37,11:13:23,N/A,N/A,N/A,N/A,11:12:41,21.0,11:13:28,18.0,15.0,couldn't see any glow but video was stopped after burn was done,
2022-07-20,CEAGRI,1,1,RD,yes,25.00,13.60,6.80,22.03,9,-3,,11:05:38,11:05:38,28.0,44,0,N/A,M,11:13:11,11:13:43,N/A,N/A,N/A,N/A,11:13:21,27.0,11:14:35,19.0,14.0,,
2022-08-24,SALAPI,10,2,SM,yes,23.50,17.50,12.50,29.50,4,-1.1,,11:15:08,11:15:08,26.6,44,0,N/A,1,11:17:56,11:18:02,11:21:53,11:22:20,N/A,N/A,11:21:59,38.0,11:23:01,19.0,16.0,"listed as SALAPI P10R1 on the video, but there is already a SALAPI P10R1, so changed this one to R2",
2022-07-27,SALLEU,1,4,JC,yes,25.00,9.60,3.30,19.66,6,-2.2,,11:17:21,11:17:21,29.4,33,1,11:20:42,1,11:21:47,11:21:51,N/A,N/A,N/A,N/A,11:21:49,15.5,11:22:29,19.0,16.0,,
2022-08-09,MALLAU,6,1,JC,yes,25.00,21.30,21.20,27.11,3,-2.5,,11:20:42,11:20:42,32.0,50,0,N/A,1,11:22:43,11:23:03,11:32:11,N/A,11:32:18,11:32:38,11:32:11,17.0,11:40:06,19.0,15.0,"first ignition by touching pilot flame; second and third ignitions by manual; for second ignition, was still flaming when ignited a third time manually",
2022-07-19,HETARB,2,1,AC,yes,19.50,15.00,14.00,34.22,0,-1.5,,11:22:38,11:22:38,37.7,40,0,N/A,M,11:33:28,11:34:02,N/A,N/A,N/A,N/A,11:33:28,33.0,11:34:09,18.0,15.0,couldn't see any glow but video was stopped after burn was done,
2022-07-27,SALLEU,1,5,JC,yes,25.00,4.30,3.10,18.74,0,-2.1,,11:25:10,11:25:10,30.1,31,0,N/A,M,11:34:39,11:34:59,N/A,N/A,N/A,N/A,11:34:40,22.0,11:35:17,19.0,16.0,,
2022-07-20,CEAGRI,1,2,RD,yes,25.00,14.00,5.00,21.11,12,-4.7,,11:27:23,11:27:23,33.8,33,0,N/A,M,11:32:58,11:33:27,N/A,N/A,N/A,N/A,11:33:10,25.0,11:35:56,19.0,14.0,,
2022-08-24,SALLEU,8,1,SM,yes,22.00,17.00,8.10,25.43,11,-1.35,,11:34:00,11:34:00,27.4,44,0,N/A,M,11:39:48,11:40:09,N/A,N/A,N/A,N/A,11:39:51,28.0,11:43:09,19.0,15.5,,
2022-07-13,MALLAU,1,1,JL,yes,25.00,23.00,13.00,28.89,1,-1.8,,11:35:46,11:35:46,31.0,35,0,N/A,M,11:46:12,11:46:19,11:46:27,11:46:40,N/A,N/A,11:46:32,14.0,11:49:31,18.0,15.0,"missing straight on angle, only have above view, unable to tell best guess",
2022-07-20,CEAGRI,1,3,RD,yes,25.00,21.00,4.00,21.56,6,-3.5,,11:38:56,11:38:56,36.7,32,0,N/A,M,11:44:09,11:44:35,N/A,N/A,N/A,N/A,11:44:11,28.0,11:48:19,19.0,14.0,,
2022-09-02,ERIKAR,7,5,RD,yes,25.00,17.00,2.50,17.72,2,-1,L-shaped,11:39:30,11:39:30,35.5,34,0,N/A,M,11:47:55,11:47:57,N/A,N/A,N/A,N/A,11:47:55,7.0,11:49:51,19.0,15.0,,
2022-07-27,SALLEU,1,6,JC,yes,25.00,9.50,3.30,21.03,4,-1.7,,11:40:50,11:40:50,32.4,32,0,N/A,M,11:50:29,11:50:59,N/A,N/A,N/A,N/A,11:50:32,25.0,11:52:01,19.0,16.0,,
2022-08-09,MALLAU,6,2,JC,yes,23.50,19.50,15.00,24.20,5,-1.9,,11:42:22,11:42:22,32.0,41,1,11:52:59,M,11:54:19,11:54:32,N/A,N/A,N/A,N/A,11:54:20,18.0,12:04:29,19.0,15.0,,
2022-07-27,SALAPI,8,2,JC,yes,,,,,,,MISSING PLANT TRAIT DATA,11:46:53,11:46:53,28.3,43,1,11:49:04,M,11:49:57,11:50:00,11:50:06,11:50:19,N/A,N/A,11:50:16,25.0,11:59:07,19.0,15.0,,
2022-08-24,SALLEU,8,2,SM,yes,25.00,6.30,3.90,19.92,5,-0.4,,11:46:53,11:46:53,28.7,43,1,11:49:01,M,11:50:06,11:50:19,N/A,N/A,N/A,N/A,11:50:16,26.0,11:59:04,19.0,15.5,,
2022-07-20,CEAGRI,1,4,RD,yes,25.00,8.80,5.60,21.93,8,-4.5,,11:51:12,11:51:12,37.3,31,0,N/A,M,11:56:31,11:56:48,N/A,N/A,N/A,N/A,11:56:31,40.0,11:58:13,19.0,14.0,,
2022-07-27,SALLEU,1,7,JC,yes,25.00,4.50,3.00,19.07,5,-1.8,,11:54:07,11:54:07,34.2,32,0,N/A,M,12:04:13,12:04:23,N/A,N/A,N/A,N/A,12:04:14,21.5,12:08:37,19.0,16.0,,
2022-08-16,SALLEU,4,1,RD,yes,25.00,12.50,4.00,21.23,4,-1.7,,11:56:24,11:56:24,26.4,50,0,N/A,1,11:58:13,11:58:20,N/A,N/A,N/A,N/A,11:58:16,12.0,12:23:08,19.0,15.0,,
2023-03-08,EUCGLO,2,1,RD,no,25.00,30.00,9.70,34.68,2,-3,,12:00:01,12:00:01,36.6,23,0,N/A,M,12:12:25,12:13:15,N/A,N/A,N/A,N/A,12:12:35,60.0,12:14:18,20.0,15.0,one thermocoupler is resting on hot plate (lower left side),
2022-07-20,CEAGRI,2,1,RD,yes,25.00,17.10,12.80,22.71,10,-3.2,,12:00:45,12:00:45,36.6,32,0,N/A,M,12:05:58,12:06:27,N/A,N/A,N/A,N/A,12:05:59,37.0,12:07:45,19.0,14.0,,
2022-08-09,MALLAU,7,1,AC,yes,25.00,21.70,18.20,34.97,0,-2,,12:05:58,12:05:58,31.8,39,0,N/A,M,12:16:58,12:17:03,N/A,N/A,N/A,N/A,12:17:00,27.0,12:20:39,19.0,15.0,,
2022-08-24,SALAPI,9,3,JC,yes,,,,,,,no plant traits data?,12:08:28,12:08:28,28.0,45,0,N/A,M,12:14:46,12:15:14,N/A,N/A,N/A,N/A,12:14:49,17.0,12:16:07,19.0,16.0,,
2022-07-20,CEAGRI,2,2,RD,yes,25.00,18.10,5.50,25.63,10,-3.1,,12:10:40,12:10:40,36.5,32,0,N/A,M,12:15:48,12:16:07,N/A,N/A,N/A,N/A,12:15:49,32.0,12:18:06,19.0,14.0,,
2023-03-08,EUCGLO,2,2,RD,no,25.00,12.90,8.30,38.94,0,-2.3,,12:18:56,12:18:56,35.5,20,0,N/A,M,12:32:39,12:34:53,N/A,N/A,N/A,N/A,12:33:06,34.0,12:35:08,20.0,15.0,one thermocoupler is resting on hot plate (lower left side) and another two thermocouplers crossed (back wall),
2022-08-17,SALAPI,9,1,JL,yes,25.00,15.30,11.20,29.68,0,-1.4,,12:21:26,12:21:26,28.8,39,0,N/A,1,12:24:18,12:24:27,N/A,N/A,N/A,N/A,12:24:20,40.0,12:30:41,19.0,15.0,duplicated P9R1,
2022-08-09,MALLAU,7,2,AC,yes,25.00,18.00,16.90,25.94,0,-0.8,,12:22:58,12:22:58,32.6,36,0,N/A,M,12:23:51,12:23:56,12:32:45,12:33:10,N/A,N/A,12:33:07,26.0,12:34:26,19.0,15.0,first ignition by touching pilot flame; second manual,
2023-02-15,EUCGLO,1,3,RD,no,25.00,25.60,7.10,28.52,0,-2.3,,12:25:45,12:25:45,44.4,12,1,12:26:36,M,12:35:19,12:35:57,N/A,N/A,N/A,N/A,12:35:22,29.0,12:38:01,20.0,15.0,one thermocoupler is resting on hot plate (lower left side),
2022-08-16,SALLEU,4,2,RD,yes,25.00,8.40,7.00,22.81,7,-1.1,,12:26:35,12:26:35,28.7,42,1,12:32:19,M,12:37:22,12:37:51,N/A,N/A,N/A,N/A,12:37:26,22.0,12:39:34,19.0,15.0,,
2023-03-08,EUCGLO,2,3,RD,no,25.00,26.40,6.30,33.14,1,-2.1,,12:38:48,12:38:48,41.0,14,0,N/A,M,12:50:42,12:52:11,N/A,N/A,N/A,N/A,12:50:44,22.0,12:52:52,19.0,15.0,one thermocoupler is resting on hot plate (lower left side),
2023-02-15,EUCGLO,1,4,RD,no,25.00,23.30,3.50,27.06,0,-2.3,,12:41:03,12:41:03,41.4,13,0,N/A,M,12:50:50,12:51:47,N/A,N/A,N/A,N/A,12:50:51,20.0,12:53:19,20.0,15.0,one thermocoupler is resting on hot plate (lower left side),
2022-07-27,SALLEU,1,8,JC,yes,25.00,7.50,2.00,18.98,7,-2.1,,12:42:51,12:42:51,33.8,33,0,N/A,1,12:49:28,12:49:44,N/A,N/A,N/A,N/A,12:49:29,13.0,13:06:10,19.0,16.0,cannot see glow end time at all,
2022-07-19,HETARB,3,1,AC,yes,24.00,15.50,15.00,30.80,0,-1.75,,12:45:50,12:45:50,31.2,45,0,N/A,M,13:01:38,13:02:17,N/A,N/A,N/A,N/A,13:01:44,22.0,13:02:24,18.0,15.0,,
2022-08-09,MALLAU,7,3,AC,yes,25.00,19.80,13.00,35.49,2,-0.7,,12:48:49,12:48:49,33.2,34,0,N/A,M,12:55:15,12:57:04,N/A,N/A,N/A,N/A,12:56:25,37.0,13:00:41,19.0,15.0,,
2022-08-16,SALLEU,4,3,RD,yes,25.00,6.00,2.90,18.15,0,-0.7,,12:52:27,12:52:27,29.1,41,0,N/A,1,12:55:34,12:55:43,N/A,N/A,N/A,N/A,12:55:36,18.0,13:02:11,19.0,15.0,,
2023-03-08,EUCGLO,2,4,RD,no,25.00,26.00,8.50,28.92,1,-1.85,,12:54:13,12:54:13,41.9,16,0,N/A,M,13:06:44,13:08:00,N/A,N/A,N/A,N/A,13:06:55,24.0,13:08:26,19.0,15.0,one thermocoupler is resting on hot plate (lower left side),
2023-02-15,EUCGLO,1,5,RD,no,25.00,25.20,5.00,27.93,1,-2.5,,12:56:02,12:56:02,44.4,12,0,N/A,M,13:06:38,13:07:10,N/A,N/A,N/A,N/A,13:06:42,33.0,13:08:19,20.0,15.0,one thermocoupler is resting on hot plate (lower left side),
2022-07-13,MALLAU,1,2,JL,yes,25.00,24.00,12.00,29.91,1,-0.8,,12:56:54,12:56:54,29.6,42,0,N/A,M,13:07:39,13:07:50,N/A,N/A,N/A,N/A,13:07:47,18.0,13:09:40,18.0,15.0,"short burn, only burned part of branch",
2022-08-17,SALAPI,10,1,JL,yes,25.00,13.90,8.50,32.46,0,-1,,13:01:29,13:01:29,31.9,36,0,N/A,1,13:03:00,13:03:13,N/A,N/A,N/A,N/A,13:03:04,38.0,13:06:19,19.0,15.0,,
2022-08-09,MALLAU,8,1,AC,yes,25.00,23.50,15.00,30.73,2,-2.3,,13:03:24,13:03:24,34.3,33,0,N/A,M,13:11:23,13:11:39,N/A,N/A,N/A,N/A,13:11:27,57.5,13:21:33,19.0,15.0,,
2022-08-16,SALLEU,4,4,RD,yes,25.00,7.10,5.30,20.37,7,-0.9,,13:03:49,13:03:49,30.4,38,1,13:06:06,0,N/A,N/A,N/A,N/A,N/A,N/A,N/A,N/A,13:18:37,19.0,15.0,,
2022-07-20,CEAGRI,2,3,RD,yes,25.00,8.40,6.20,24.06,12,-2.5,,13:07:06,13:07:06,33.7,37,0,N/A,M,13:12:32,13:12:47,N/A,N/A,N/A,N/A,13:12:34,40.0,13:20:08,19.0,14.0,,
2022-07-27,SALLEU,1,9,JC,yes,25.00,20.00,7.50,26.49,9,-1.9,,13:07:54,13:07:54,33.2,34,1,13:08:48,1,13:09:18,13:09:23,13:15:53,13:16:36,13:20:31,13:21:14,13:15:54,15.0,13:22:54,19.0,16.0,glow start by touching pilot flame,
2023-03-08,EUCGLO,2,5,RD,no,25.00,16.10,4.60,25.49,1,-2.25,,13:09:34,13:09:34,41.3,15,0,N/A,M,13:21:25,13:22:22,N/A,N/A,N/A,N/A,13:21:26,63.0,13:24:33,19.0,15.0,one thermocoupler is resting on hot plate (lower left side),
2022-12-20,QUEAGR,4,1,RD,no,25.00,16.50,13.30,29.66,8,-2.2,,13:14:19,13:14:19,44.4,29,0,N/A,M,13:26:04,13:26:09,N/A,N/A,N/A,N/A,13:26:04,24.0,13:26:11,19.0,15.0,,
2022-07-13,MALLAU,1,3,JL,yes,25.00,19.00,14.00,31.27,5,-0.9,,13:17:35,13:17:35,30.0,40,0,N/A,M,13:24:51,13:25:11,N/A,N/A,N/A,N/A,13:24:58,18.0,13:26:38,18.0,15.0,"straight on video was cut short, unable to tell, best guess",
2022-08-16,SALLEU,4,5,RD,yes,25.00,6.00,5.30,19.44,2,-1.3,,13:20:00,13:20:00,29.7,39,0,N/A,M,13:21:20,13:21:24,N/A,N/A,N/A,N/A,13:21:23,11.0,13:31:11,19.0,15.0,sample ignited by barely touching pilot flame (not intentional manual); small flame throughout,
2022-07-20,CEAGRI,2,4,RD,yes,25.00,6.40,14.20,24.90,6,-2.1,,13:23:11,13:23:11,34.3,37,0,N/A,M,13:28:22,13:28:54,N/A,N/A,N/A,N/A,13:28:34,35.0,13:30:39,19.0,14.0,,
2023-03-08,EUCGLO,2,6,RD,no,25.00,7.10,4.00,28.96,0,-2.55,,13:26:37,13:26:37,38.6,17,0,N/A,1,13:27:23,13:28:32,N/A,N/A,N/A,N/A,13:27:31,33.0,13:32:02,19.0,15.0,one thermocoupler is resting on hot plate (lower left side),
2022-08-09,MALLAU,8,2,AC,yes,25.00,14.40,13.20,22.25,0,-0.9,,13:27:06,13:27:06,33.9,34,0,N/A,M,13:37:24,13:37:44,N/A,N/A,N/A,N/A,13:37:26,27.0,13:39:23,19.0,15.0,,
2023-01-06,QUEAGR,7,1,RD,no,25.00,22.00,18.50,34.68,10,-2.75,,13:27:46,13:27:46,45.2,26,0,N/A,M,13:38:09,13:38:16,N/A,N/A,N/A,N/A,13:38:12,31.0,13:45:13,19.0,15.0,ignited by sample touching pilot flame (not intentional manual ignition),
2022-12-20,QUEAGR,4,2,RD,no,25.00,29.00,11.00,30.79,8,-2.1,,13:28:55,13:28:55,45.9,25,0,N/A,M,13:52:12,13:52:15,13:52:18,13:53:14,N/A,N/A,N/A,N/A,N/A,19.0,15.0,taken out prior to end of glow,
2022-07-13,MALLAU,2,1,JL,yes,25.00,22.00,16.00,26.12,0,-1.5,,13:29:08,13:29:08,30.0,38,0,N/A,M,13:39:42,13:39:59,N/A,N/A,N/A,N/A,13:39:45,24.0,13:52:26,18.0,15.0,,
2022-08-16,SALLEU,4,6,RD,yes,25.00,15.00,5.40,21.78,6,-1.2,,13:32:42,13:32:42,30.8,36,0,N/A,1,13:37:15,13:37:50,N/A,N/A,N/A,N/A,13:37:17,30.0,13:45:35,19.0,15.0,,
2022-07-20,CEAGRI,2,5,RD,yes,25.00,17.50,8.00,24.31,8,-2,,13:34:59,13:34:59,33.0,39,0,N/A,1,13:36:14,13:36:28,N/A,N/A,N/A,N/A,13:36:17,35.0,13:40:03,19.0,14.0,,
2023-01-03,QUEAGR,5,1,RD,no,25.00,19.40,15.30,37.91,3,-2.4,,13:35:43,13:35:43,30.5,44,0,N/A,M,13:55:18,13:56:27,N/A,N/A,N/A,N/A,13:55:40,38.0,13:58:20,19.0,15.0,,
2022-11-01,SALLEU,11,1,RD,yes,25.00,11.00,5.60,20.49,3,-1.1,,13:39:17,13:39:17,26.1,55,0,N/A,M,13:43:18,13:43:33,N/A,N/A,N/A,N/A,13:43:18,8.0,13:47:24,19.0,17.0,sample lit by touching pilot flame (barely; not intentional manual ignition),
2022-11-29,QUEAGR,2,1,KF,no,25.00,10.00,7.00,25.93,1,-1.8,,13:39:35,13:39:35,26.4,33,0,N/A,1,13:41:50,13:42:11,N/A,N/A,N/A,N/A,13:42:06,27.0,13:44:05,19.0,15.0,,
2022-11-29,QUEAGR,2,2,KF,no,25.00,23.00,23.00,47.50,6,-1.7,,13:46:05,13:46:05,24.6,34,0,N/A,M,14:03:58,14:05:22,N/A,N/A,N/A,N/A,14:04:04,82.0,14:11:50,19.0,15.0,,
2022-07-19,HETARB,6,1,AC,yes,25.00,23.50,19.00,44.33,0,-1.9,sickle shaped (communist flag),13:46:08,13:46:08,31.4,41,0,N/A,M,14:01:30,14:01:48,14:01:56,14:02:29,N/A,N/A,14:02:01,49.0,N/A,18.0,15.0,taken out of chamber while still glowing,
2022-11-22,QUEAGR,1,1,KF,no,25.00,16.00,11.00,41.03,6,-2,,13:46:50,13:46:50,26.8,28,0,N/A,1,13:51:41,13:51:53,14:02:12,14:03:19,N/A,N/A,14:02:41,28.0,N/A,19.0,16.0,was glowing past end of video (14:11:42),
2023-01-06,QUEAGR,7,2,RD,no,25.00,16.60,8.90,26.42,7,-2.6,,13:48:10,13:48:10,31.4,35,1,13:53:27,0,N/A,N/A,N/A,N/A,N/A,N/A,N/A,N/A,N/A,19.0,15.0,"glowed past end, clapped at 14:04:34 for glow end time, but can still see stem glowing",
2022-08-16,SALLEU,4,7,RD,yes,25.00,11.50,7.80,22.38,7,-1.3,,13:52:53,13:52:53,30.6,37,1,13:55:43,1,13:57:38,13:57:51,N/A,N/A,N/A,N/A,13:57:41,35.0,13:58:49,19.0,15.0,,
2022-07-13,MALLAU,2,2,JL,yes,25.00,15.00,7.00,29.34,0,-1,,13:54:39,13:54:39,29.6,36,0,N/A,M,14:02:45,14:03:05,N/A,N/A,N/A,N/A,14:02:51,10.0,14:04:08,18.0,15.0,,
2022-07-20,CEAGRI,2,7,RD,yes,25.00,13.00,10.00,22.55,4,-1.8,,13:54:41,13:54:41,33.1,36,0,N/A,M,13:59:59,14:00:27,N/A,N/A,N/A,N/A,14:00:17,19.0,14:02:58,19.0,14.0,,
2022-12-20,QUEAGR,4,3,RD,no,24.00,19.40,10.20,28.35,7,-2.25,,13:55:43,13:55:43,24.5,36,0,N/A,0,N/A,N/A,N/A,N/A,N/A,N/A,N/A,N/A,N/A,19.0,15.0,,
2022-11-01,SALLEU,11,2,RD,yes,25.00,6.00,3.30,18.78,2,-0.8,,13:56:41,13:56:41,23.8,55,1,13:59:30,0,N/A,N/A,N/A,N/A,N/A,N/A,N/A,N/A,N/A,19.0,17.0,still glowing when video ends,
2023-01-03,QUEAGR,5,2,RD,no,25.00,19.20,16.00,37.40,5,-1.95,Y shaped,14:01:14,14:01:14,23.7,44,0,N/A,M,14:08:24,14:08:34,14:15:32,14:15:49,N/A,N/A,14:15:34,30.0,14:18:33,19.0,15.0,ignited by sample touching pilot flame; max flame height from MANUAL second ignition,
2022-08-16,SALLEU,5,1,RD,yes,25.00,6.40,4.00,19.67,5,-0.9,,14:03:49,14:03:49,30.6,37,1,14:04:13,1,14:12:42,14:12:57,N/A,N/A,N/A,N/A,14:12:51,21.0,14:18:08,19.0,15.0,,
2022-08-09,MALLAU,9,1,AC,yes,25.00,30.30,18.00,39.86,6,-1.1,,14:04:06,14:04:06,34.5,32,1,14:04:15,M,14:14:16,14:15:15,N/A,N/A,N/A,N/A,14:14:23,74.0,14:20:56,19.0,15.0,glow started by touching pilot flame,
2022-11-01,SALLEU,11,3,RD,yes,25.00,6.40,3.90,18.62,2,-1.2,,14:04:58,14:04:58,23.6,54,1,14:05:52,0,N/A,N/A,N/A,N/A,N/A,N/A,N/A,N/A,N/A,19.0,17.0,still glowing when video ends,
2022-07-20,CEAGRI,3,1,RD,yes,20.50,19.30,7.70,24.02,6,-2.2,,14:05:37,14:05:37,31.5,39,0,N/A,M,14:10:55,14:11:07,14:11:13,14:11:21,N/A,N/A,14:11:16,44.0,14:12:27,19.0,14.0,broke in half,
2022-07-13,MALLAU,2,3,JL,yes,25.00,21.00,18.00,35.82,2,-1,,14:06:46,14:06:46,29.8,35,0,N/A,M,14:13:22,14:13:43,N/A,N/A,N/A,N/A,14:13:29,32.0,14:17:18,18.0,15.0,,
2023-01-06,QUEAGR,7,3,RD,no,25.00,18.60,12.30,28.58,6,-2.3,,14:07:23,14:07:23,22.7,40,0,N/A,M,14:08:05,14:08:23,14:22:22,14:23:01,N/A,N/A,14:22:23,53.0,14:26:16,19.0,15.0,first ignited by sample touching pilot flame (fh = 25 @ 14:08:19); second ignition is manual,
2022-09-02,ERIKAR,10,1,JC,yes,25.00,22.50,12.50,17.94,4,-1,,14:08:07,14:08:07,32.0,37,0,N/A,M,14:13:15,14:13:17,N/A,N/A,N/A,N/A,14:13:16,19.0,14:20:10,19.0,15.0,,
2022-11-22,QUEAGR,1,2,RD,no,25.00,19.50,12.00,29.55,4,-3.7,,14:12:34,14:12:34,24.0,21,0,N/A,0,N/A,N/A,N/A,N/A,N/A,N/A,N/A,N/A,N/A,19.0,16.0,,
2022-07-27,SALLEU,2,2,JL,yes,25.00,6.20,3.60,18.72,0,-1.6,,14:13:28,14:13:28,33.5,33,1,14:15:54,M,14:22:59,14:23:04,N/A,N/A,N/A,N/A,14:23:03,7.0,14:29:31,19.0,16.0,only ignited stem; leaves fell off,
2022-07-20,CEAGRI,3,2,RD,yes,25.00,13.50,6.90,23.10,10,-1.85,,14:15:16,14:15:16,31.9,38,0,N/A,M,14:20:26,14:20:48,N/A,N/A,N/A,N/A,14:20:27,39.0,14:26:19,19.0,14.0,,
2022-12-20,QUEAGR,4,4,RD,no,25.00,16.10,12.10,30.22,7,-2.65,,14:15:57,14:15:57,21.8,38,0,N/A,M,14:17:11,14:17:31,N/A,N/A,N/A,N/A,14:17:25,12.0,N/A,19.0,15.0,ignited by sample touching pilot flame (not intentional manual ignition),
2022-11-01,SALLEU,11,5,RD,yes,25.00,9.00,3.50,19.69,1,-0.9,V-shaped,14:19:27,14:19:27,23.3,52,0,N/A,M,14:25:39,14:26:41,N/A,N/A,N/A,N/A,14:25:42,32.0,14:27:38,19.0,17.0,,
2023-01-03,QUEAGR,5,3,RD,no,25.00,16.20,9.80,29.00,0,-2.45,,14:19:38,14:19:38,22.1,44,0,N/A,M,14:21:10,14:21:46,N/A,N/A,N/A,N/A,14:21:33,21.0,14:22:44,19.0,15.0,ignited by sample touching pilot flame (but not intentional manual ignition),
2022-09-02,ERIKAR,10,2,JC,yes,25.00,17.30,3.60,17.94,5,-1.35,,14:21:23,14:21:23,32.1,37,0,N/A,M,14:30:07,14:30:11,N/A,N/A,N/A,N/A,14:30:08,18.0,14:32:52,19.0,15.0,,
2023-01-03,QUEAGR,5,4,RD,no,25.00,11.10,6.60,28.24,5,-2.3,,14:24:02,14:24:02,22.1,44,0,N/A,M,14:38:58,14:39:34,N/A,N/A,N/A,N/A,14:39:17,38.0,14:40:25,19.0,15.0,,
2022-11-29,QUEAGR,2,3,KF,no,25.00,12.00,6.00,27.88,4,-1.9,,14:24:05,14:24:05,21.7,34,0,N/A,M,14:39:06,14:39:34,N/A,N/A,N/A,N/A,14:39:07,44.0,14:40:20,19.0,15.0,,
2023-01-06,QUEAGR,7,4,RD,no,25.00,13.70,10.20,27.74,5,-2.6,,14:28:07,14:28:07,21.2,39,1,14:30:23,M,14:43:09,14:44:01,N/A,N/A,N/A,N/A,14:43:27,54.0,N/A,19.0,15.0,"glowed past end, clapped at 14:48:16 for glow end time, but can still see stem glowing",
2022-11-01,SALLEU,12,1,RD,yes,25.00,14.50,12.00,26.13,7,-1,,14:29:42,14:29:42,23.7,51,0,N/A,M,14:32:28,14:32:49,N/A,N/A,N/A,N/A,14:32:35,42.0,14:33:21,19.0,17.0,ignited by sample touching pilot flame (not intentional manual ignition),
2022-07-20,CEAGRI,3,3,RD,yes,25.00,8.50,6.30,22.75,5,-2,,14:29:57,14:29:57,33.0,36,0,N/A,M,14:35:12,14:35:29,14:35:25,14:35:32,N/A,N/A,14:35:26,38.0,14:36:34,19.0,14.0,second manual ignition occurred while sample was on fire from first ignition,
2022-07-13,MALLAU,3,1,JL,yes,25.00,17.00,8.00,23.06,0,-1.4,,14:30:20,14:30:20,30.1,36,0,N/A,M,14:36:52,14:37:07,N/A,N/A,N/A,N/A,14:36:58,28.0,14:46:48,18.0,15.0,,
2022-07-27,SALLEU,2,3,JL,yes,25.00,11.00,6.90,21.56,9,-1.7,,14:32:27,14:32:27,32.6,33,1,14:35:03,1,14:35:36,14:35:49,N/A,N/A,N/A,N/A,14:35:37,29.0,14:39:18,19.0,16.0,,
2022-09-02,ERIKAR,10,3,JC,yes,25.00,13.80,2.60,17.78,1,-1.5,,14:33:47,14:33:47,31.7,37,0,N/A,M,14:42:21,14:42:23,N/A,N/A,N/A,N/A,14:42:21,13.0,14:46:39,19.0,15.0,,
2022-07-20,CEAGRI,3,4,RD,yes,25.00,6.70,6.20,21.06,3,-1.5,,14:39:43,14:39:43,32.7,36,0,N/A,M,14:44:58,14:45:21,N/A,N/A,N/A,N/A,14:45:00,32.0,14:46:03,19.0,14.0,,
2022-08-16,SALLEU,5,2,RD,yes,25.00,16.50,4.30,22.20,4,-1.2,Y-shaped,14:40:28,14:40:28,32.5,33,1,14:41:26,1,14:46:31,14:46:53,N/A,N/A,N/A,N/A,14:46:32,16.5,14:47:54,19.0,15.0,,
2022-07-27,SALLEU,2,4,JL,yes,25.00,13.10,4.70,20.57,1,-1.6,,14:41:28,14:41:28,31.9,35,0,N/A,1,14:43:10,14:43:15,N/A,N/A,N/A,N/A,14:43:11,21.0,14:44:13,19.0,16.0,,
2022-12-20,QUEAGR,4,5,RD,no,25.00,20.40,11.00,25.71,7,-2.15,,14:41:46,14:41:46,20.8,38,0,N/A,M,14:59:53,15:01:09,N/A,N/A,N/A,N/A,15:00:09,63.0,15:01:40,19.0,15.0,,
2023-01-03,QUEAGR,5,5,RD,no,25.00,14.20,12.20,26.87,3,-1,,14:42:12,14:42:12,22.1,42,0,N/A,M,14:57:16,14:58:33,N/A,N/A,N/A,N/A,14:57:19,28.0,15:00:49,19.0,15.0,,
2022-11-29,QUEAGR,2,4,RD,no,25.00,12.40,9.70,28.14,3,-2.3,,14:44:13,14:44:13,21.2,35,0,N/A,M,14:59:14,15:00:06,N/A,N/A,N/A,N/A,14:59:15,43.0,15:03:31,19.0,15.0,,
2022-11-01,SALLEU,12,3,RD,yes,25.00,9.00,5.00,20.01,5,-1,,14:45:14,14:45:14,24.9,47,1,14:45:18,M,14:50:14,14:50:54,N/A,N/A,N/A,N/A,14:50:19,22.0,14:52:09,19.0,17.0,ignition by opening door; glow started by touching pilot flame,
2022-07-27,SALLEU,2,5,JL,yes,25.00,5.50,3.40,18.58,0,-1.8,,14:46:50,14:46:50,31.8,35,0,N/A,M,14:56:35,14:56:54,N/A,N/A,N/A,N/A,14:56:36,27.0,14:57:36,19.0,16.0,,
2022-11-22,QUEAGR,1,3,RD,no,25.00,22.00,8.50,31.43,4,-2.3,,14:47:24,14:47:24,22.6,28,1,15:00:09,0,N/A,N/A,N/A,N/A,N/A,N/A,N/A,N/A,15:05:46,19.0,16.0,,
2022-07-20,CEAGRI,3,5,RD,yes,25.00,16.20,8.70,25.79,4,-1.85,,14:48:34,14:48:34,32.8,36,0,N/A,M,14:54:08,14:54:44,N/A,N/A,N/A,N/A,14:54:22,36.0,14:58:54,19.0,14.0,,
2022-09-02,ERIKAR,10,4,JC,yes,25.00,4.00,1.00,17.73,0,-1.2,,14:48:40,14:48:40,31.7,37,1,14:49:31,0,N/A,N/A,N/A,N/A,N/A,N/A,N/A,N/A,14:52:05,19.0,15.0,,
2023-01-06,QUEAGR,7,5,RD,no,25.00,19.10,11.90,32.88,7,-2.05,,14:50:06,14:50:06,20.8,32,0,N/A,M,14:52:02,14:52:10,N/A,N/A,N/A,N/A,14:52:07,28.0,14:56:52,19.0,15.0,ignited by sample touching pilot flame (not intentional manual ignition),
2022-08-16,SALLEU,5,3,RD,yes,25.00,8.10,5.00,20.22,6,-1,,14:53:25,14:53:25,32.6,34,1,14:54:17,1,14:56:49,14:57:01,14:57:21,14:57:24,N/A,N/A,14:56:55,20.0,14:58:53,19.0,15.0,,
2022-07-13,MALLAU,3,2,JL,yes,25.00,13.00,10.00,30.44,10,-0.9,,14:54:21,14:54:21,30.4,37,0,N/A,M,15:00:10,15:00:42,N/A,N/A,N/A,N/A,15:00:17,43.0,15:05:10,18.0,15.0,,
2022-09-02,ERIKAR,10,5,JC,yes,25.00,9.50,6.00,17.89,2,-1.4,,14:54:25,14:54:25,31.5,37,0,N/A,M,15:00:35,15:00:36,15:00:37,15:00:46,N/A,N/A,15:00:39,17.0,15:02:28,19.0,15.0,,
2022-08-24,SALLEU,10,6,SM,yes,24.90,4.90,3.50,18.57,0,-1.75,,14:56:29,14:56:29,31.9,38,1,14:58:06,0,N/A,N/A,N/A,N/A,N/A,N/A,N/A,N/A,14:12:38,19.0,15.5,,
2022-07-27,SALLEU,2,6,JL,yes,25.00,5.40,3.10,19.07,4,-1.3,very few leaves on this sample,15:01:57,15:01:57,30.8,36,0,N/A,M,15:11:47,15:12:10,N/A,N/A,N/A,N/A,15:11:52,14.0,15:12:42,19.0,16.0,,
2023-01-03,QUEAGR,6,1,RD,no,25.00,10.00,8.50,24.49,1,-1.3,,15:02:49,15:02:49,21.5,42,1,15:06:19,M,15:17:57,15:18:28,N/A,N/A,N/A,N/A,15:18:16,20.0,15:19:30,19.0,15.0,,
2022-07-20,CEAGRI,3,6,RD,yes,25.00,13.40,7.00,25.24,6,-1.2,,15:03:23,15:03:23,32.7,36,0,N/A,M,15:08:34,15:09:27,N/A,N/A,N/A,N/A,15:08:35,39.0,15:11:25,19.0,14.0,,
2022-11-29,QUEAGR,2,5,RD,no,25.00,21.00,16.40,37.60,9,-2.1,,15:07:57,15:07:57,20.8,35,0,N/A,M,15:09:30,15:10:35,N/A,N/A,N/A,N/A,15:10:20,50.0,15:11:33,19.0,15.0,sample ignited by pilot flame (but not intentional manual ignition),
2023-01-06,QUEAGR,8,1,RD,no,25.00,23.00,13.10,31.09,9,-2.1,,15:12:02,15:12:02,21.0,32,1,15:25:02,M,15:29:40,15:30:24,N/A,N/A,N/A,N/A,15:29:46,54.0,15:34:07,19.0,15.0,,
2022-07-27,SALLEU,2,7,JL,yes,25.00,4.40,3.90,18.47,0,-1.6,,15:12:55,15:12:55,30.7,36,1,15:23:49,M,15:31:31,15:31:37,N/A,N/A,N/A,N/A,15:31:34,4.0,15:29:42,19.0,16.0,"sample finished glow duration prior to manual ignition; manual ignition is for just small portion of stem that remained after majority of sample was consumed via glowing combustion, didn't really glow much after manual ignition as not much mass left to glow; CONSIDER AS 0 IGNITION?",
2022-07-20,CEAGRI,4,1,RD,yes,25.00,16.00,6.20,22.41,11,-3.2,,15:13:57,15:13:57,31.8,37,0,N/A,M,15:19:12,15:19:34,N/A,N/A,N/A,N/A,15:19:13,35.0,15:20:30,19.0,14.0,,
2022-11-29,QUEAGR,2,6,RD,no,25.00,22.70,15.10,35.11,6,-2.2,,15:14:44,15:14:44,20.4,36,0,N/A,M,15:20:58,15:21:55,N/A,N/A,N/A,N/A,15:21:19,62.0,15:24:32,19.0,15.0,sample ignited by pilot flame (but not intentional manual ignition),
2022-07-13,MALLAU,3,3,JL,yes,25.00,12.00,10.00,26.54,7,-1.2,,15:15:10,15:15:10,31.5,32,0,N/A,M,15:21:42,15:21:54,N/A,N/A,N/A,N/A,15:21:47,33.0,15:23:30,18.0,15.0,,
2023-01-03,QUEAGR,6,2,RD,no,25.00,22.40,15.30,35.54,7,-1.1,,15:21:15,15:21:15,21.3,42,0,N/A,M,15:36:36,15:37:18,N/A,N/A,N/A,N/A,15:36:47,58.0,15:40:14,19.0,15.0,,
2022-07-20,CEAGRI,4,2,RD,yes,25.00,7.50,7.30,19.71,7,-3.4,,15:23:23,15:23:23,32.0,37,0,N/A,M,15:28:41,15:28:48,N/A,N/A,N/A,N/A,15:28:47,30.0,15:29:55,19.0,14.0,,
2022-07-13,MALLAU,4,1,JL,yes,25.00,24.00,16.00,39.06,3,-2.1,,15:29:40,15:29:40,31.5,32,0,N/A,M,15:36:12,15:37:05,N/A,N/A,N/A,N/A,15:36:26,34.0,15:38:26,18.0,15.0,,
2022-07-20,CEAGRI,4,3,RD,yes,12.10,23.00,12.70,22.57,5,-3.8,,15:34:59,15:34:59,33.0,35,0,N/A,M,15:40:37,15:40:57,N/A,N/A,N/A,N/A,15:40:38,23.0,15:41:58,19.0,14.0,,
2023-01-06,QUEAGR,8,2,RD,no,24.00,14.50,7.00,23.94,7,-2.3,,15:35:27,15:35:27,20.9,33,0,N/A,M,15:53:36,15:53:52,N/A,N/A,N/A,N/A,15:53:40,33.0,15:56:43,19.0,15.0,,
2022-07-27,SALLEU,2,8,JL,yes,25.00,12.30,11.90,26.12,13,-1.4,,15:37:04,15:37:04,30.7,36,0,N/A,1,15:44:52,15:45:09,N/A,N/A,N/A,N/A,15:44:59,32.0,15:47:49,19.0,16.0,glare on screen makes glow v. difficult to determine,
2022-11-29,QUEAGR,3,1,RD,no,25.00,16.80,10.90,25.41,3,-1.2,,15:38:16,15:38:16,20.8,36,0,N/A,1,15:41:16,15:41:34,N/A,N/A,N/A,N/A,15:41:24,59.0,15:42:24,19.0,15.0,,
2023-01-03,QUEAGR,6,3,RD,no,23.00,22.80,13.40,28.52,2,-1.2,,15:41:25,15:41:35,20.9,42,1,15:50:21,0,N/A,N/A,N/A,N/A,N/A,N/A,N/A,N/A,16:05:06,19.0,15.0,,
2022-07-20,CEAGRI,4,4,RD,yes,23.00,9.00,3.40,19.66,0,-2.8,,15:44:14,15:44:14,32.0,37,0,N/A,M,15:49:29,15:49:44,N/A,N/A,N/A,N/A,15:49:31,29.0,15:50:43,19.0,14.0,,
2022-07-13,MALLAU,5,1,JL,yes,25.00,16.00,10.00,34.46,8,-2,,15:45:09,15:45:09,30.7,34,0,N/A,M,15:51:31,15:51:55,N/A,N/A,N/A,N/A,15:51:37,32.0,15:58:46,18.0,15.0,,
2022-11-29,QUEAGR,3,2,RD,no,25.00,16.90,11.20,29.80,7,-1.95,,15:46:24,15:46:24,20.8,39,0,N/A,M,16:01:21,16:02:02,N/A,N/A,N/A,N/A,16:01:30,51.0,16:04:13,19.0,15.0,,
2022-07-27,SALLEU,3,1,JL,yes,25.00,10.30,7.90,21.50,8,-1.4,,15:50:12,15:50:12,30.4,36,0,N/A,M,16:02:17,16:02:30,N/A,N/A,N/A,N/A,16:02:21,22.0,16:03:50,19.0,16.0,,
2022-11-22,QUEAGR,1,4,RD,no,25.00,13.30,11.90,27.93,4,-2.5,,15:51:15,15:51:15,21.8,31,0,N/A,0,N/A,N/A,N/A,N/A,N/A,N/A,N/A,N/A,N/A,19.0,16.0,,
2022-07-20,CEAGRI,4,5,RD,yes,25.00,32.00,18.00,37.47,9,-2.1,,15:53:08,15:53:08,32.1,36,0,N/A,M,16:02:01,16:02:28,N/A,N/A,N/A,N/A,16:02:07,33.0,16:12:19,19.0,14.0,,
2023-01-06,QUEAGR,8,3,RD,no,25.00,19.60,6.90,25.94,8,-3,Y shaped,15:57:40,15:57:40,20.8,30,0,N/A,M,16:13:05,16:14:40,N/A,N/A,N/A,N/A,16:13:37,35.0,16:23:01,19.0,15.0,,
2022-11-29,QUEAGR,3,3,RD,no,25.00,24.50,9.70,32.09,4,-1.1,,16:06:08,16:06:08,20.5,37,0,N/A,M,16:21:05,16:21:57,N/A,N/A,N/A,N/A,16:21:15,53.0,16:25:43,19.0,15.0,,
2022-07-27,SALLEU,3,2,JL,yes,25.00,10.90,10.20,23.82,11,-1.7,,16:06:17,16:06:17,29.7,38,1,16:09:06,1,16:12:22,16:13:22,N/A,N/A,N/A,N/A,16:12:25,30.0,16:14:54,19.0,16.0,flame was rather small for last 32 seconds of flame duration,
2023-01-03,QUEAGR,6,4,RD,no,25.00,21.50,8.20,26.69,3,-1.3,,16:06:38,16:06:38,20.6,42,1,16:08:19,M,16:23:43,16:24:39,N/A,N/A,N/A,N/A,16:23:46,48.0,16:27:15,19.0,15.0,,
2022-07-20,CEAGRI,4,6,RD,yes,25.00,15.20,10.30,22.96,5,-2.65,,16:15:12,16:15:12,33.0,34,0,N/A,1,16:20:15,16:21:23,N/A,N/A,N/A,N/A,16:20:22,35.0,16:23:54,19.0,14.0,,
2022-07-27,SALLEU,3,3,JL,yes,25.00,7.50,3.30,20.32,4,-2,,16:21:41,16:21:41,29.5,38,1,16:23:21,M,16:34:07,16:34:41,N/A,N/A,N/A,N/A,16:34:11,19.0,16:38:13,19.0,16.0,,
2023-01-06,QUEAGR,8,4,RD,no,25.00,16.00,8.20,28.17,10,-3.1,,16:24:15,16:24:15,20.5,36,1,16:28:38,M,16:42:16,16:43:15,N/A,N/A,N/A,N/A,16:42:28,55.0,16:45:33,19.0,15.0,,
2023-01-03,QUEAGR,6,5,RD,no,25.00,21.30,10.00,30.61,3,-1.25,,16:28:34,16:28:34,19.8,44,1,16:31:41,M,16:44:11,16:44:32,N/A,N/A,N/A,N/A,16:44:14,40.0,16:46:01,19.0,15.0,,
2022-11-29,QUEAGR,3,4,RD,no,22.50,8.50,5.80,21.12,1,-2.2,,16:28:50,16:28:50,20.3,35,0,N/A,M,16:40:33,16:41:19,N/A,N/A,N/A,N/A,16:40:34,42.0,16:43:21,19.0,15.0,,
2022-11-15,MALLAU,11,1,RD,yes,25.00,22.10,7.40,27.89,0,-0.3,,16:32:53,16:32:53,22.4,34,1,16:33:07,M,16:40:15,16:40:40,N/A,N/A,N/A,N/A,16:40:24,35.0,N/A,19.5,16.0,glow start by touching pilot flame; still glowing at end of video (16:46:52),
2022-11-15,MALLAU,11,2,RD,yes,25.00,26.00,11.30,31.69,4,-0.7,,16:49:22,16:49:22,22.9,33,1,16:49:35,M,16:55:06,16:55:42,N/A,N/A,N/A,N/A,16:55:09,36.0,16:56:54,19.5,16.0,glow start by touching pilot flame,
2023-01-06,QUEAGR,8,5,RD,no,25.00,17.10,10.60,30.15,9,-3,,16:50:12,16:50:12,20.1,39,0,N/A,M,16:52:50,16:53:14,N/A,N/A,N/A,N/A,16:53:02,69.0,16:55:52,19.0,15.0,ignited by sample touching pilot flame (not intentional manual ignition),